Name,Type,Country,L1,L2,L3,L4
Sangnag Choling,Cultural Site,BT,Bumthang,Chhoekhor,Dhur-Lusibee,Dhur
Bja Goed Dzong Lhakhang,Cultural Site,BT,Thimphu,Lingzhi,Gangyuel,Gangyuel
Tsimakha Lobdra,Cultural Site,BT,Chhukha,Bjachho,Tsimalakha_Tsimasham,Tsimakha
Dhendup Choling,Cultural Site,BT,Bumthang,Chhoekhor,Dhur-Lusibee,Dhur
Dungkhor Lhakhang,Cultural Site,BT,Bumthang,Chhoekhor,Dhur-Lusibee,Dhur
Tachog Lhakhang,Cultural Site,BT,Haa,Uesu,Kipri_Tagchhu,Tagchhu
Lingzhi Yugyel Dzong,Cultural Site,BT,Thimphu,Lingzhi,Chakphu,Zamithang
lhakhang,Cultural Site,BT,Sarpang,Chhudzom,Galegthang,Galegthang(Ghungring)
Wangdue Dzong,Cultural Site,BT,Wangduephodrang,Thedtsho,RinchhengangToed,
phongkhar lhakhang,Cultural Site,BT,Samdrupjongkhar,Dewathang,Chhenangri_Rishor,Chhenangri
Dzongsar,Cultural Site,BT,Samtse,Tendu,Kachhen_Kuchhen,Kuchenthang(Kuchin Tar)
Dorangthang,Cultural Site,BT,Punakha,Bapisa,Gamakha-Septokha,Gamkha
shivalaya mandhir,Cultural Site,BT,Sarpang,Gelephu,Dzomlingthang,
Dhurmey Dungkhor Lhakhang,Cultural Site,BT,Bumthang,Chhoekhor,Dhur-Lusibee,Dhur
Dungkhar Gonpa,Cultural Site,BT,Pemagatshel,Khar,Khar_ Yagyur,Khar
Drupchu Lhakhang,Cultural Site,BT,Trashigang,Bartsham,Trashang,
Chador Lhakhang,Cultural Site,BT,Trashigang,Bartsham,Bainangkhar-Nangkhar,
Takchu Goenpa,Cultural Site,BT,Haa,Uesu,Kipri_Tagchhu,Kipri
Samath Lhakhag,Cultural Site,BT,Zhemgang,Bardo,Bardo,Samath
Lhoongtsho Lhakhang,Cultural Site,BT,Thimphu,Chang,Lhoongtsho_Tashigang,Lhoongtsho
Balung Lhakhang,Cultural Site,BT,Dagana,Lajab,Balung,Balung
Nimtola,Cultural Site,BT,Dagana,Dorona,Nimtola,Nimtola
Namdrukcholing,Cultural Site,BT,Dagana,Drugyelgang,Pangna-patala,Patala
Pelrigoenpa,Cultural Site,BT,Dagana,Drugyelgang,Budipang-pangna,Pangna
Shingoen Nyipa,Cultural Site,BT,Dagana,Drugyelgang,Pangserpo,Krongtod
Sertogchen,Cultural Site,BT,Dagana,Drugyelgang,Thangna,Umadangsa
Hindu,Cultural Site,BT,Dagana,Drugyelgang,Budipang-pangna,Tarungpakrong
Gesarling,Cultural Site,BT,Dagana,Gesarling,Gesarling,Gesarling
Samtengang,Cultural Site,BT,Dagana,Gesarling,Samtengang,Samtengang
Tashithang,Cultural Site,BT,Dagana,Gesarling,Tashithang,Tashithang
Hindu,Cultural Site,BT,Dagana,Gesarling,Phuensumgang,Phuensumgang
Tashicholing Lhakhang,Cultural Site,BT,Dagana,Gozhi,Gozhi Bar,Gozhi Baar
Balaygang,Cultural Site,BT,Dagana,Gozhi,Baleygang,Middle Balaygang
Dogak,Cultural Site,BT,Dagana,Gozhi,Dogak,Dogak
Hindu,Cultural Site,BT,Dagana,Gozhi,Gozhi Bar,Gozhi Baar
Dekiling,Cultural Site,BT,Dagana,Kana,Lhaling,Nindukha
Phuntshocholing,Cultural Site,BT,Dagana,Kana,Lhaling,Lhaling
Kanakha,Cultural Site,BT,Dagana,Kana,Lhaling,Kanakha
Khaochen,Cultural Site,BT,Dagana,Kana,Dalithang-Gangyab,Khagochen
Chochu lhakhnang,Cultural Site,BT,Dagana,Kana,Lhaling,Nindukha
Samdrupcholing,Cultural Site,BT,Dagana,Kana,Bartsha-Namgyelgang,Bartsa
Tabgang,Cultural Site,BT,Dagana,Kana,Bartsha-Namgyelgang,Tabgang
Hindu,Cultural Site,BT,Dagana,Kana,Dalithang-Gangyab,Khagochen
Suntruel Chogley Namgyel,Cultural Site,BT,Dagana,Kana,Lhaling,Nindukha
Tanabji,Cultural Site,BT,Dagana,Kana,Lhaling,Tanabji
Tarphel Lhakhang,Cultural Site,BT,Yangtse,Bumdeling,Pangkhar_Tarphel,Taphel
Ngalimang Lhakhang,Cultural Site,BT,Yangtse,Bumdeling,Ngalimang_Phanteng,Ngalimang
Lungtengang,Cultural Site,BT,Dagana,Kana,Bjurugang,Lungtengang
Bjurugang,Cultural Site,BT,Dagana,Kana,Bjurugang,Bjurugang
Kashithang,Cultural Site,BT,Dagana,Kana,Bjurugang,Kashithang
Daga Trashi Yangtse Dzong,Cultural Site,BT,Dagana,Tseza,Karlingdzingkha,Karlingzingkha
Gangkha,Cultural Site,BT,Dagana,Khipisa,Pakser,Gangkha
Tsuga,Cultural Site,BT,Dagana,Khipisa,Pogtog,Tsuga
Thomgang,Cultural Site,BT,Dagana,Khipisa,Thomgang,Thomgang
Gipsa,Cultural Site,BT,Dagana,Khipisa,Gipsa,Gipsa
Barna,Cultural Site,BT,Dagana,Lajab,Barna,Barna
Phunsungang,Cultural Site,BT,Dagana,Lajab,Barna,Aechephu
Tashiding,Cultural Site,BT,Dagana,Trashiding,Tashiding,Middle Tashiding
Hindu,Cultural Site,BT,Dagana,Trashiding,Tashiding,Middle Tashiding
Rishim,Cultural Site,BT,Dagana,Trashiding,Namchela,Middle Namchella
Gangzur,Cultural Site,BT,Dagana,Tsendagang,Gangzurtoed,Gurung gaon
Shivalaya,Cultural Site,BT,Dagana,Tsendagang,Norbuzingkha,Norbuzingkha
Hindu,Cultural Site,BT,Dagana,Tsendagang,Tsendagang,Upper Tsendagang
jagoen,Cultural Site,BT,Paro,Naja,Bueltikha_Jagoen,Jagoen
doley gonp,Cultural Site,BT,Paro,Naja,Bueltikha_Jagoen,Bueltikha
Shathong Goenpa,Cultural Site,BT,Dagana,Tseza,Tsangleykha,Tsangleykha
Zamtog,Cultural Site,BT,Dagana,Tseza,Tsangleykha,Zamtog
Choejupangkha,Cultural Site,BT,Dagana,Tseza,Tashigang,Rapteygoenpa
Samey,Cultural Site,BT,Dagana,Tseza,Samey,Sameyzingkha
Nagu lhaang,Cultural Site,BT,Paro,Naja,Bemphu_Lingzhi_Nagu,Nagu
Karligzingkha,Cultural Site,BT,Dagana,Tseza,Karlingdzingkha,Karlingzingkha
Tsangleykha,Cultural Site,BT,Dagana,Tseza,Tsangleykha,Tsangleykha
Gadeygoenpa,Cultural Site,BT,Dagana,Tseza,Tashigang,Jansagang?
lingzhi lhakang,Cultural Site,BT,Paro,Naja,Bemphu_Lingzhi_Nagu,Lingzhi
Tshoteygoenpa,Cultural Site,BT,Dagana,Tseza,Tashigang,Jansagang?
Tongsho,Cultural Site,BT,Dagana,Tseza,Peling,Tongsho
Peling,Cultural Site,BT,Dagana,Tseza,Peling,Peling
Tsangkha,Cultural Site,BT,Dagana,Tsangkha,Tshangkha,Tshangkha
Babethang,Cultural Site,BT,Dagana,Tsangkha,Pateykha,Upper Babethang
Tshegoen Lhakhang,Cultural Site,BT,Paro,Naja,Rangzhin-Gang_Tshebji,Tshegoen
Hindu,Cultural Site,BT,Dagana,Tsangkha,Zinchila,Zinchela
Karmaling Lhakhang,Cultural Site,BT,Dagana,Karmaling,,
Peldencholing,Cultural Site,BT,Dagana,Lhamoizingkha,,
Hindu,Cultural Site,BT,Dagana,Lhamoizingkha,,
Hindu,Cultural Site,BT,Dagana,Nichula,,
"Guru Statue, Town Lhakhang",Cultural Site,BT,Tsirang,Kikorthang,,
phudue goupa Lhakhang,Cultural Site,BT,Paro,Doga,Dawakha_Tshongkha,Togtokha
Tsoen Goen Lhakhang,Cultural Site,BT,Paro,Naja,Jazhina_Tsoen-Goen,Tsoen-GoenTsoendue Goenpa
yanngcheg gonupa,Cultural Site,BT,Paro,Naja,Jazhina_Tsoen-Goen,Tsoen-GoenTsoendue Goenpa
yangchen gonupa,Cultural Site,BT,Paro,Naja,Jazhina_Tsoen-Goen,Tsoen-GoenTsoendue Goenpa
Tsoen Goen,Cultural Site,BT,Paro,Naja,Jazhina_Tsoen-Goen,Tsoen-GoenTsoendue Goenpa
yengche Lhakhang,Cultural Site,BT,Paro,Naja,Rangzhin-Gang_Tshebji,
Namgyel Choling Dratsang,Cultural Site,BT,Tsirang,Kikorthang,,
Tashi Gatshel dungcho Lhakhang,Cultural Site,BT,Bumthang,Chhoekhor,Dhur-Lusibee,Lusibi
Barsel Lamsel/Dawathang Lhakhang,Cultural Site,BT,Bumthang,Chhoekhor,Dawathang-Dorjibi-Kashingtsawa,Dawathang
Lhamo Nyekhang,Cultural Site,BT,Bumthang,Chhoekhor,Dawathang-Dorjibi-Kashingtsawa,Dawathang
Kurjey Guru Lhakang,Cultural Site,BT,Bumthang,Chhoekhor,Dawathang-Dorjibi-Kashingtsawa,Dawathang
Kurjey Sampalhendup Lhakhang,Cultural Site,BT,Bumthang,Chhoekhor,Dawathang-Dorjibi-Kashingtsawa,Dawathang
Kurjey Zangtoperli Lhakhang,Cultural Site,BT,Bumthang,Chhoekhor,Dawathang-Dorjibi-Kashingtsawa,Dawathang
Sangay Lhamo Lhakhang,Cultural Site,BT,Bumthang,Chhoekhor,Dawathang-Dorjibi-Kashingtsawa,Dawathang
Ugyen Zhabjee,Cultural Site,BT,Bumthang,Chhoekhor,Dawathang-Dorjibi-Kashingtsawa,Norbugang
Kebu Lungtshen Lhakhang,Cultural Site,BT,Bumthang,Chhoekhor,Dawathang-Dorjibi-Kashingtsawa,Kashingtsawa
Lamai Lhakhang,Cultural Site,BT,Trashigang,Bartsham,Trashang,Trashang
Dzongoen Tshokhang,Cultural Site,BT,Trashigang,Bartsham,Jamoong Kumoong,
Dzongthung Tshokhang,Cultural Site,BT,Trashigang,Bartsham,,
Kunzang Choeling Lhakhang,Cultural Site,BT,Trashigang,Bartsham,,
Kumung Tshokhang,Cultural Site,BT,Trashigang,Bartsham,Jamoong Kumoong,Kumung
Kethpung Tshokhang,Cultural Site,BT,Trashigang,Bartsham,Jamoong Kumoong,Keypung
Yangkhar Tshokhang,Cultural Site,BT,Trashigang,Bartsham,Jamoong Kumoong,Yangkhar
Yingom Tshokhang,Cultural Site,BT,Trashigang,Bartsham,Jamoong Kumoong,Zhingom
Muktangkhar Tshokhang,Cultural Site,BT,Trashigang,Bartsham,Moogtangkhar,Mugtangkhar
Ngalung Tshokhang,Cultural Site,BT,Trashigang,Bartsham,Moogtangkhar,Nyalung
Pema Chholing Lhakhang,Cultural Site,BT,Trashigang,Bidung,Khairi-Saling,Saling
Drodrul Sanga Chholing Lhakhang,Cultural Site,BT,Trashigang,Bidung,Tsenkhar,Tadzong
Gontong Lhakhang,Cultural Site,BT,Trashigang,Bidung,Kakaniwog,Manzor
Khairi Lhakhang,Cultural Site,BT,Trashigang,Bidung,Khairi-Saling,Khairi
Gaylong Gonpa,Cultural Site,BT,Trashigang,Bidung,Lemphang,
Solo Gonpa Lhakhang,Cultural Site,BT,Trashigang,Bidung,Lemphang,Bargeon (Bidung)
Dhodruel UgyenChholingLhakhang,Cultural Site,BT,Trashigang,Bidung,Lemphang,Lemphang
Dremung Lhakhang,Cultural Site,BT,Trashigang,Bidung,Khairi-Saling,Gaygoen
Pema Dho Nga yoedselLhakhang,Cultural Site,BT,Trashigang,Bidung,Tsenkhar,Dori (Bidung)
TashiChokhorlingLhakhang,Cultural Site,BT,Trashigang,Bidung,Kakaniwog,Kakaniwog
Ugyen Donga Chokorling,Cultural Site,BT,Trashigang,Kanglung,Yonphula,
Shingchen Gonpa,Cultural Site,BT,Trashigang,Kanglung,Rongthong - Shingchen,Shingchen Goenpa
Tashiling,Cultural Site,BT,Trashigang,Kanglung,Rongthong - Shingchen,Shingchen Goenpa
Pema Phenday Cholling,Cultural Site,BT,Trashigang,Kanglung,Rongthong - Shingchen,Rongthong
Samdrup Chholing Lhakhang,Cultural Site,BT,Trashigang,Kanglung,Pangthang - Retsangdung,Pangthang
Thrama Lhakhang,Cultural Site,BT,Trashigang,Kanglung,Manthoong,Menthong
Tashi Choedungkhil Lhakhang,Cultural Site,BT,Trashigang,Kanglung,Rongthong - Shingchen,Rongthong
Ugyen Choling Lhakhang,Cultural Site,BT,Trashigang,Kanglung,Yonphula,Yonphula
Phendheyling Lhakhang,Cultural Site,BT,Trashigang,Kangpara,,Threlphu
Lhendrup Samten Chholing Lhakhang,Cultural Site,BT,Trashigang,Kangpara,Bedengphu-Merda,Lagoen
Choe Sa Kor Bu Lhakhang,Cultural Site,BT,Trashigang,Kangpara,Bedengphu-Merda,Merda
4. Samdrup Chholing Lhakhang,Cultural Site,BT,Trashigang,Kangpara,Bedengphu-Merda,Merda
Duedjom Gyepayling Lhakhang,Cultural Site,BT,Trashigang,Kangpara,Bedengphu-Merda,Merda
Losum Gonpa Lhakhang,Cultural Site,BT,Trashigang,Kangpara,Pasaphu-peydung,Pasaphu
Kuenphen Chholing Lhakhang,Cultural Site,BT,Trashigang,Kangpara,Pasaphu-peydung,Maduwa
Dup Khang Lhakhang,Cultural Site,BT,Trashigang,Kangpara,Kangpar-Lamyong,Kangpar
Shar Ja Lhakhang,Cultural Site,BT,Trashigang,Kangpara,,
Silkhar Gonpa Lhakhang,Cultural Site,BT,Trashigang,Kangpara,Zordung,Zordung
Youl Dang Gonpa Lhakhang,Cultural Site,BT,Trashigang,Kangpara,Zordung,Zordung
Ri Shu Lok Pa Lhakhang,Cultural Site,BT,Trashigang,Kangpara,Zordung,Zordung
Kham Pa Du Wang Dung Khor Lhakhang,Cultural Site,BT,Trashigang,Kangpara,Zordung,Zordung
Samdrup Choeling Lhakhang,Cultural Site,BT,Trashigang,Khaling,Bayphu,Bayphu Sherig
Jadrung  Lhakhang,Cultural Site,BT,Trashigang,Khaling,Gomchu-Kholdung,Kholdung
Gonpung  Lhakhang,Cultural Site,BT,Trashigang,Khaling,Khaling,Thripang Goenpa
Brekha Woesel Cholling Lhakhang,Cultural Site,BT,Trashigang,Khaling,Brekha -Meringzor,Brekha
Barshong Lhakhang,Cultural Site,BT,Trashigang,Khaling,Barshong,Barshong
Tashi Choeling Lhakhang,Cultural Site,BT,Trashigang,Khaling,Jerelemi,Lemi
Pangpazor Lhakhang,Cultural Site,BT,Trashigang,Khaling,Jerelemi,Lemi
Tendey Drupkhang Goenpa,Cultural Site,BT,Trashigang,Lumang,Dubkhang - Lumang,Drupkhang
Khargoen Lhakhang,Cultural Site,BT,Trashigang,Lumang,Kharphoog - kurchhilo,Khargoen
Sangmari Lhakhang,Cultural Site,BT,Trashigang,Lumang,Riserboo - Tsangpo,Sangmari
Zangdo Pelri,Cultural Site,BT,Trashigang,Lumang,Riserboo - Tsangpo,Wamrong Throm
Tashi Chhoeding Lhakhang,Cultural Site,BT,Trashigang,Lumang,Riserboo - Tsangpo,Wamrong Throm
Samdhen Chhoeling Goenpa,Cultural Site,BT,Trashigang,Lumang,Moochu - Wakhar,Moshi
Tshendrup Chhoeling Goenpa,Cultural Site,BT,Trashigang,Lumang,Tshogoenpa,Tshogonpa
Samten Chhoeling Goenpa,Cultural Site,BT,Trashigang,Lumang,Moochu - Wakhar,Moshi
Tashi Chholing Lhakhang,Cultural Site,BT,Trashigang,Merak,Gyengo,Gyengo
Samten Chholing Lhakhang,Cultural Site,BT,Trashigang,Merak,Merag Toed,Merak Toed
Ugyen Samten Chholing Lhakhang,Cultural Site,BT,Trashigang,Merak,Khashateng,Khashateng
Khe-Phu Dungkhor Lhakhang,Cultural Site,BT,Trashigang,Merak,Khashateng,Khashateng
Jomo-Phodrang  Lhakhang,Cultural Site,BT,Trashigang,Merak,Merag Maed,Merak Maed
NamchoelingLhakhang,Cultural Site,BT,Trashigang,Phongme,Ya-brang,Pengtse
Yabrang UgyenDhonag Choeling,Cultural Site,BT,Trashigang,Phongme,Ya-brang,Yabrang
Jannjanma Meser Lhakhang,Cultural Site,BT,Trashigang,Phongme,Ya-brang,Janyema
Sangchen PemaGatshel,Cultural Site,BT,Trashigang,Phongme,Phimshong,Phimsong
Bremteng Lhakhang,Cultural Site,BT,Trashigang,Phongme,Thong-rong,Breng
Samten Choeling,Cultural Site,BT,Trashigang,Phongme,Thong-rong,Thongwrong
Samdrup Choeling,Cultural Site,BT,Trashigang,Phongme,Thong-rong,Breng
Phuntsho Choeling,Cultural Site,BT,Trashigang,Phongme,Ya-brang,Yabrang
Shokhang Lhakhang,Cultural Site,BT,Trashigang,Phongme,Phongmed,Shongkang
LhabumUgyenNamdruelChoeling,Cultural Site,BT,Trashigang,Phongme,Phongmed,Bumtang
Sanga Pema Choeling,Cultural Site,BT,Trashigang,Phongme,Lem,Karma Geonpa
DungkhorLhakhang,Cultural Site,BT,Trashigang,Phongme,Lem,Gadzari
LhalungUgyenPemaChoeling,Cultural Site,BT,Trashigang,Phongme,Phongmed,Momnangkhar
WoogmenUgyenChoeling,Cultural Site,BT,Trashigang,Phongme,Phongmed,Shongkang
Zugthri (Tokshingmang) Lhakhang,Cultural Site,BT,Trashigang,Radi,Nagtsang -Togshingmang,Tokshingmang
Yoedsel Dorji Choeling,Cultural Site,BT,Trashigang,Radi,Kadam,Bongman
Radhi Namdrup Choeling,Cultural Site,BT,Trashigang,Radi,Kadam,Melongkhar
Trashi darjay Choeling,Cultural Site,BT,Trashigang,Radi,Kadam,Langteng
Drugoen Rinzin gatshel/pema Yoesel choeling,Cultural Site,BT,Trashigang,Radi,Tongling-Pam,Drungoen
Tenjay Choeling,Cultural Site,BT,Trashigang,Radi,Tongling-Pam,Tangthray
Sanga Choeling,Cultural Site,BT,Trashigang,Radi,Pakaling,Dungsam
Jonlha Ugyen Gatshel,Cultural Site,BT,Trashigang,Radi,Dekidling - Tsenkhar,JoenlaTshatshe
Thekchok Kunzang Choden Nunnery,Cultural Site,BT,Trashigang,Radi,Nagtsang -Togshingmang,khardung
Zugthri Ngomtshar Sanga Choling,Cultural Site,BT,Trashigang,Radi,Nagtsang -Togshingmang,Tokshingmang maed
Namgyal Choling  Lhakhang,Cultural Site,BT,Trashigang,Sakteng,Sagteng,Sakteng
Samten Chhoeling Lhakhang,Cultural Site,BT,Trashigang,Sakteng,Sagteng,Sakteng
Tashi Chhoeling Lhakhang,Cultural Site,BT,Trashigang,Sakteng,Borangmang - Borangtse,Borangtse
Serdam Lhakhang,Cultural Site,BT,Trashigang,Sakteng,joenkhar,
Dodi Choling lhakhang,Cultural Site,BT,Trashigang,Samkhar,Rangzhikhar - Serdrang,Rangshikhar
Ugyen Choling Lhakhang,Cultural Site,BT,Trashigang,Samkhar,Bikhar - Domkahr,Domkhar
Tashi Gatshel Lhakhang,Cultural Site,BT,Trashigang,Samkhar,Bikhar - Domkahr,Domkhar
Pema Jepo Lhakhang,Cultural Site,BT,Trashigang,Samkhar,Khabti - Lungtenzampa,Khapti
Dodi Pema Yeling Lhakhang,Cultural Site,BT,Trashigang,Samkhar,Chagzam - Pam,Pam
Samcholing Lhakhang,Cultural Site,BT,Trashigang,Samkhar,Maelphel - Samkhar,Samcholing
Taling Gonpa Lhakhang,Cultural Site,BT,Trashigang,Samkhar,Khabti - Lungtenzampa,Khapti
Yeshey Wangdi Lhakhang,Cultural Site,BT,Trashigang,Samkhar,Bikhar - Domkahr,Bazor
Kiphu Gonpa Lhakhang,Cultural Site,BT,Trashigang,Samkhar,Khabti - Lungtenzampa,Khapti Gonpa
Kadam Lhakhang,Cultural Site,BT,Trashigang,Samkhar,Khabti - Lungtenzampa,Khapti
Zangdho Pelri Shacha Thukpa Lhakhang,Cultural Site,BT,Trashigang,Samkhar,Rangzhikhar - Serdrang,Rangshikhar
Rangjung Yoesel Chhoeling Choling Goenpa,Cultural Site,BT,Trashigang,Shongphu,Changmi - Rangjoong,Rangjung
Phuntshog Chhorkhorling Lhakhang,Cultural Site,BT,Trashigang,Shongphu,Galing,Galing
Tashicholing Lhakhang,Cultural Site,BT,Trashigang,Shongphu,Bramin - Shongphoog,Shongphu
Dakpa Lhuendrup Choling Lhakhang,Cultural Site,BT,Trashigang,Shongphu,Bramin - Shongphoog,Shongphu
Zambala Lhakhang,Cultural Site,BT,Trashigang,Shongphu,Bramin - Shongphoog,Shongphu
NingthigCholing Lhakhang,Cultural Site,BT,Trashigang,Shongphu,Bramin - Shongphoog,Shongphu
Thromang Lhakhang,Cultural Site,BT,Trashigang,Shongphu,Chaling,Chaling
Chaling DungjurLhakhang,Cultural Site,BT,Trashigang,Shongphu,Chaling,Chaling
Phendey Choeling Lhakhang,Cultural Site,BT,Trashigang,Shongphu,Gongtsephangma - Yobinang,Yobenang
Norbu gaden Choeling  Lhakhang,Cultural Site,BT,Trashigang,Shongphu,Gongtsephangma - Yobinang,Gongtshe Phangma
Ugyen Yoeseling Lhakhang,Cultural Site,BT,Trashigang,Shongphu,Galing,Galing
Changme Ngyekang Lhakhang,Cultural Site,BT,Trashigang,Shongphu,Changmi - Rangjoong,Changme
Thongphu Lhakhang,Cultural Site,BT,Trashigang,Shongphu,Galing,Galing
Dramang Lhakhang,Cultural Site,BT,Trashigang,Shongphu,Changmi - Rangjoong,Buna
Kibucholing,Cultural Site,BT,Trashigang,Shongphu,Changmi - Rangjoong,Changme
Numshang Dungjur Lhakhang,Cultural Site,BT,Trashigang,Shongphu,Galing,Galing
Drongman Dungjur Lhakhang,Cultural Site,BT,Trashigang,Shongphu,Galing,Galing
Sangacholing,Cultural Site,BT,Trashigang,Shongphu,Galing,Galing
Kuenzang Yoesel Choling Lhakhang,Cultural Site,BT,Trashigang,Shongphu,Galing,Galing
Galing Goenpa Lhakhang,Cultural Site,BT,Trashigang,Shongphu,Galing,Galing
Dangling Dungjur Lhakhang,Cultural Site,BT,Trashigang,Shongphu,Galing,Galing
Kuenphen Chokhorling Lhakhang,Cultural Site,BT,Trashigang,Shongphu,Galing,Galing
Lhundrup Choekhorling Lhakhang,Cultural Site,BT,Trashigang,Shongphu,Changmi - Rangjoong,Changme
Jalamtag Lhakhang,Cultural Site,BT,Trashigang,Shongphu,Bramin - Shongphoog,Shongphu
Libtsham Boeyel  Ugyen Yoezer Choling,Cultural Site,BT,Trashigang,Udzorong,Benshingmo - Jomtshang,Benshingmo
Jomtshang Gomdey Lhakhang,Cultural Site,BT,Trashigang,Udzorong,Benshingmo - Jomtshang,Jomtshang
Rigom Dejom Gyelpoiling  Lhakhang,Cultural Site,BT,Trashigang,Udzorong,Baepam,Geangkhar
Samten Choezangling Goendey Lhakhang,Cultural Site,BT,Trashigang,Udzorong,Rizor - Yerchhilo,Mongka
Tsedung Lhakhang,Cultural Site,BT,Trashigang,Udzorong,Rizor - Yerchhilo,Tshedung
Gyenkhar Ngoedrup Choling Goendey  Lhakhang,Cultural Site,BT,Trashigang,Udzorong,Barkazor_Maenkhar,Barkazor
Bepam Ngoeden Gatshel Lhakhang,Cultural Site,BT,Trashigang,Udzorong,Baepam,Geangkhar
Kadam  Lhakhang,Cultural Site,BT,Trashigang,Udzorong,Benshingmo - Jomtshang,Benshingmo
Dengtsala Lhakhang,Cultural Site,BT,Trashigang,Udzorong,Barkazor_Maenkhar,Deng Tshalo
Dayphu   Lhakhang,Cultural Site,BT,Trashigang,Udzorong,Barkazor_Maenkhar,Dayphu
Maenkhar  Lhakhang,Cultural Site,BT,Trashigang,Udzorong,Barkazor_Maenkhar,Menkhar
Ney Tshangrong Lhakhang,Cultural Site,BT,Trashigang,Udzorong,Barkazor_Maenkhar,Menkhar
Rashung Gonpa  Lhakhang,Cultural Site,BT,Trashigang,Udzorong,Chhiya,Cheya
Tsho Gonpa Samten Choeling Lhakhang,Cultural Site,BT,Trashigang,Udzorong,Chhiya,Cheya
Threna Lhakhang,Cultural Site,BT,Trashigang,Udzorong,Chhiya,Threna
Kupijigtsam,Cultural Site,BT,Trashigang,Yangnyer,Dargyeling - Kharthoong,Kheri (Yangnyer)
Tshengmey,Cultural Site,BT,Trashigang,Yangnyer,Dargyeling - Kharthoong,Kheri (Yangnyer)
DuptopLhakhang,Cultural Site,BT,Trashigang,Yangnyer,Dargyeling - Kharthoong,Kheri (Yangnyer)
Talung Phagcholing Goenpa,Cultural Site,BT,Trashigang,Yangnyer,Dargyeling - Kharthoong,
Samphilcholing Goenpa,Cultural Site,BT,Trashigang,Yangnyer,Dargyeling - Kharthoong,Kheri (Yangnyer)
Takalay Lhakhang,Cultural Site,BT,Trashigang,Yangnyer,Dargyeling - Kharthoong,Kheri (Yangnyer)
GongtungTokdenCholingDubdey,Cultural Site,BT,Trashigang,Yangnyer,Dargyeling - Kharthoong,Kheri (Yangnyer)
Dung-NgaCholingLhakang,Cultural Site,BT,Trashigang,Yangnyer,Duroong - Ngambinang,Durung
Dunjor Lhakhang,Cultural Site,BT,Trashigang,Yangnyer,Daliphang - Ragshingo,Daliphangma Toed
Shingker Goenpa,Cultural Site,BT,Trashigang,Yangnyer,Dargyeling - Kharthoong,Darjayling
Chakhar Lhakhang,Cultural Site,BT,Bumthang,Chhoekhor,Dawathang-Dorjibi-Kashingtsawa,Chakhar
Pemashampa Lhakhang,Cultural Site,BT,Bumthang,Chhoekhor,Dawathang-Dorjibi-Kashingtsawa,Pangrey
Guru Tong Lhakhang,Cultural Site,BT,Bumthang,Chhoekhor,Dawathang-Dorjibi-Kashingtsawa,Pangrey
Jambay Lhakhang,Cultural Site,BT,Bumthang,Chhoekhor,Dawathang-Dorjibi-Kashingtsawa,Jambay Lhakhang
Pema Lhakhang,Cultural Site,BT,Bumthang,Chhoekhor,Dawathang-Dorjibi-Kashingtsawa,Norbugang
Ka Phur Sum Lhakhang,Cultural Site,BT,Bumthang,Chhoekhor,Dawathang-Dorjibi-Kashingtsawa,Dawathang
Dorjebee,Cultural Site,BT,Bumthang,Chhoekhor,Dawathang-Dorjibi-Kashingtsawa,Dorjibe
Kuenzang Choeling,Cultural Site,BT,Bumthang,Chhoekhor,,Nasphel
Thegchog Rabtenling,Cultural Site,BT,Bumthang,Chhoekhor,Nangsipe-Zangling-Zhabjethang,Nasphel
Thrasiphel,Cultural Site,BT,Bumthang,Chhoekhor,Nangsipe-Zangling-Zhabjethang,Dodrong
Saram Lhakhang,Cultural Site,BT,Bumthang,Chhoekhor,Nangsipe-Zangling-Zhabjethang,Saram
Ngang Lhakhang,Cultural Site,BT,Bumthang,Chhoekhor,Nangsipe-Zangling-Zhabjethang,Nang Lhakang
Pangkhar Remati Lhakhang,Cultural Site,BT,Bumthang,Chhoekhor,Nangsipe-Zangling-Zhabjethang,Nang Lhakang
Zangling Lhakhang,Cultural Site,BT,Bumthang,Chhoekhor,Nangsipe-Zangling-Zhabjethang,Zangling
Kola Lhakhang,Cultural Site,BT,Bumthang,Chhoekhor,Nangsipe-Zangling-Zhabjethang,
Ugyen Zhukthri,Cultural Site,BT,Bumthang,Chhoekhor,,
Zhabjeythang,Cultural Site,BT,Bumthang,Chhoekhor,Nangsipe-Zangling-Zhabjethang,Zhabjethang
Kenchosum Lhakhang,Cultural Site,BT,Bumthang,Chhoekhor,Pedtsheling-Tamshing,Kenchosum
Tamshing Lhakhang,Cultural Site,BT,Bumthang,Chhoekhor,Pedtsheling-Tamshing,Tamshing
Takershog Lhakhang,Cultural Site,BT,Bumthang,Chhoekhor,Pedtsheling-Tamshing,Tekarshong
Kadrak Lhakhang,Cultural Site,BT,Bumthang,Chhoekhor,Pedtsheling-Tamshing,Tekarshong
Jangchub Pelri Lhakhang/Pedshling Lhakhang,Cultural Site,BT,Bumthang,Chhoekhor,Pedtsheling-Tamshing,Pedtsheling
Changbi Lhakhang,Cultural Site,BT,Bumthang,Chhoekhor,Pedtsheling-Tamshing,Changbi
Lura Lhakhang,Cultural Site,BT,Bumthang,Chhoekhor,Dhur-Lusibee,Lusibi
Shukdra Lhakhang,Cultural Site,BT,Bumthang,Chhoekhor,Kharsa -Thangbi,Shukdak
Thangbi Lhakhang,Cultural Site,BT,Bumthang,Chhoekhor,Kharsa -Thangbi,Thangbi
Tag Lhakhang,Cultural Site,BT,Bumthang,Chhoekhor,Kharsa -Thangbi,Kharsa
Goling /Dungkhor Lhakhang,Cultural Site,BT,Bumthang,Chhoekhor,Kharsa -Thangbi,Goling
Ngyan rel Lhakhang,Cultural Site,BT,Bumthang,Chhume,Zungngae,Nangar
Nangar Lhakhang,Cultural Site,BT,Bumthang,Chhume,Zungngae,Nangar
Nimalung Monastry Dratshang,Cultural Site,BT,Bumthang,Chhume,Zungngae,Yamthrag
Pangtoe Lhakhang,Cultural Site,BT,Bumthang,Chhume,Zungngae,Pangteygoenpa
Genyen Lhakhang,Cultural Site,BT,Bumthang,Chhume,Zungngae,Zungngae
Trakar Lhakhang,Cultural Site,BT,Bumthang,Chhume,Zungngae,Trakar
Dorten Lhakhang,Cultural Site,BT,Bumthang,Chhume,Zungngae,Yamthrag
Nangney Lhakhang,Cultural Site,BT,Bumthang,Chhume,Zungngae,Nangye
Choeten Nyingpo Lhakhang,Cultural Site,BT,Bumthang,Chhume,Zungngae,Yamthrag
Shak Lhakhang,Cultural Site,BT,Bumthang,Chhume,Zungngae,Trakar
Urook Lhakhang,Cultural Site,BT,Bumthang,Chhume,Gyaltsa,Uru
Chuchi Lhakhang,Cultural Site,BT,Bumthang,Chhume,Gyaltsa,Gyaltsa
Buli Dratshang,Cultural Site,BT,Bumthang,Chhume,Gyaltsa,Buli
Namdrucholing,Cultural Site,BT,Bumthang,Chhume,Gyaltsa,Urudrangbi
Samtenling Lhakhang,Cultural Site,BT,Bumthang,Chhume,Gyaltsa,Samtenling
Chodrak,Cultural Site,BT,Bumthang,Chhume,Gyaltsa,Choda
Zambala,Cultural Site,BT,Bumthang,Chhume,Gyaltsa,
Jangchub choling Shedra,Cultural Site,BT,Bumthang,Chhume,Gyaltsa,
Tharpaling monastry or dratshang,Cultural Site,BT,Bumthang,Chhume,Gyaltsa,
Dungtse/Dungska Lhakhang,Cultural Site,BT,Bumthang,Chhume,Gyaltsa,
Thromed Lhakhang,Cultural Site,BT,Bumthang,Chhume,Phurjoen,Thrometh
Choedeypang Lhakhang,Cultural Site,BT,Bumthang,Chhume,Phurjoen,Chedeypang
Ungsang Lhakhang,Cultural Site,BT,Bumthang,Chhume,Phurjoen,Ungsang
Namphur Lhakhang,Cultural Site,BT,Bumthang,Chhume,Phurjoen,Phurjoen
Tashicholing /Phurjoen Lhakhang,Cultural Site,BT,Bumthang,Chhume,Phurjoen,Phurjoen
Tharpaling,Cultural Site,BT,Bumthang,Chhume,Choongphel,Tharpaling
Zhuri,Cultural Site,BT,Bumthang,Chhume,Choongphel,Zhurey
Kakaling/Terzoed Lhakhang,Cultural Site,BT,Bumthang,Chhume,Choongphel,Terzoed
Lhendup Choling Lhakhang,Cultural Site,BT,Bumthang,Chhume,Domkhar,Domkhar
Barling/Zhicha Lhakhang,Cultural Site,BT,Bumthang,Chhume,Domkhar,Zincha
Tharnang Goenpa,Cultural Site,BT,Bumthang,Tang,Tadingang,Tandigang
Tandinggang Lhakhang,Cultural Site,BT,Bumthang,Tang,Tadingang,Tandigang
Thowadrak Lhakhang,Cultural Site,BT,Bumthang,Tang,Khangrab,
Langmalung Lhakhang,Cultural Site,BT,Bumthang,Tang,Khangrab,Chhutoe
Namkha Lhakhang,Cultural Site,BT,Bumthang,Tang,Khangrab,Namkha
Khangrab Poenpoi Lhakhang,Cultural Site,BT,Bumthang,Tang,Khangrab,Khangrab
Utshe Lhakhang,Cultural Site,BT,Bumthang,Tang,Khangrab,Khangrab
Ani Lhakhang,Cultural Site,BT,Bumthang,Tang,Khangrab,Gambling
UgyenCholing,Cultural Site,BT,Bumthang,Tang,Khangrab,Ugyenchholing
Bumthang Phog,Cultural Site,BT,Bumthang,Tang,Kidzom Nyimalung,Sakarmeth
Bai Phog,Cultural Site,BT,Bumthang,Tang,Kidzom Nyimalung,
Chogyam,Cultural Site,BT,Bumthang,Tang,Kidzom Nyimalung,Chojam
Thramoling,Cultural Site,BT,Bumthang,Tang,Kidzom Nyimalung,Sakarmeth
Taag Rimochen,Cultural Site,BT,Bumthang,Tang,Dazur,Rimochen
Bjoke Lhakhang,Cultural Site,BT,Bumthang,Tang,Dazur,Jok
Ningchen Lhakhang,Cultural Site,BT,Bumthang,Tang,Dazur,Pangshing
Jemshong,Cultural Site,BT,Bumthang,Tang,Dazur,Jamshong
Samtenling,Cultural Site,BT,Bumthang,Tang,Bezur Kuenzangdrag,Phomdrong
Pema Shedup Choki Gatsheling,Cultural Site,BT,Bumthang,Tang,Bezur Kuenzangdrag,Bezur
Thre Lhakhang,Cultural Site,BT,Bumthang,Tang,Bezur Kuenzangdrag,Bezur
Kuenzangdrak Lhakhang,Cultural Site,BT,Bumthang,Tang,Bezur Kuenzangdrag,Kuenzangdrang
Dechenling,Cultural Site,BT,Bumthang,Tang,Bezur Kuenzangdrag,Kuenzangdrang
Dorjitse Lhakhang,Cultural Site,BT,Bumthang,Tang,Bezur Kuenzangdrag,Phomdrong
Pangkhar Lhakhang (Old),Cultural Site,BT,Bumthang,Ura,Beteng-Pangkhar-Somthrang,Pangkhar
Pangkhar Lhakhang (New),Cultural Site,BT,Bumthang,Ura,Beteng-Pangkhar-Somthrang,Pangkhar
Gaden Lhakhang,Cultural Site,BT,Bumthang,Ura,Beteng-Pangkhar-Somthrang,
Chungthang Goenpa Lhakhang,Cultural Site,BT,Bumthang,Ura,Beteng-Pangkhar-Somthrang,
Somthrang Lhakhang,Cultural Site,BT,Bumthang,Ura,Beteng-Pangkhar-Somthrang,Somthrang
Shamzur Lhakhang,Cultural Site,BT,Bumthang,Ura,Singkhar,Shingkhar
Dorgri Rinchen Jungnye Lhakhang,Cultural Site,BT,Bumthang,Ura,Singkhar,
Shingkhar Lhakhang,Cultural Site,BT,Bumthang,Ura,Singkhar,Shingkhar
Wangthang Lhakhang,Cultural Site,BT,Bumthang,Ura,Ura-Dozhi,
Ura-Doshi Lhakhang,Cultural Site,BT,Bumthang,Ura,Ura-Dozhi,
Tashi Ghaden Lhakhang,Cultural Site,BT,Bumthang,Ura,Ura-Dozhi,
Shingnyer Lhakhang,Cultural Site,BT,Bumthang,Ura,Shing-Nyer,
Dechenling Lhakhang,Cultural Site,BT,Bumthang,Ura,Tangsibi,Tansibi
Gorchiling Lhakhang,Cultural Site,BT,Bumthang,Ura,Tangsibi,Tansibi
Tashiling,Cultural Site,BT,Bumthang,Ura,Tangsibi,Tansibi
Jakar Dratshang,Cultural Site,BT,Bumthang,Dzongkhag Thromde (Chamkhar),,
Jakar Lhakhang,Cultural Site,BT,Bumthang,Dzongkhag Thromde (Chamkhar),Chamkhar,Jakar Village
Dungkhar Lhakhang,Cultural Site,BT,Bumthang,Dzongkhag Thromde (Chamkhar),Chamkhar,Jakar Village
Wangdichholing Palace,Cultural Site,BT,Bumthang,Dzongkhag Thromde (Chamkhar),Dekiling,Wangduecholing
Wangdichholing Lhakhang,Cultural Site,BT,Bumthang,Dzongkhag Thromde (Chamkhar),Dekiling,Wangduecholing
Shey Dratshang,Cultural Site,BT,Bumthang,Dzongkhag Thromde (Chamkhar),Dekiling,Wangduecholing
Kharchu Dratshang,Cultural Site,BT,Bumthang,Dzongkhag Thromde (Chamkhar),Jalikhar,Gongkhar
Gongkhar Gompa/Lhakhang,Cultural Site,BT,Bumthang,Dzongkhag Thromde (Chamkhar),Jalikhar,Gongkhar
Gaylong Ma Pema Lhakhang,Cultural Site,BT,Bumthang,Dzongkhag Thromde (Chamkhar),Jalikhar,Gongkhar
Dungkhar Lhakhang,Cultural Site,BT,Bumthang,Dzongkhag Thromde (Chamkhar),Jalikhar,Gongkhar
Jakar Lhakhang,Cultural Site,BT,Bumthang,Dzongkhag Thromde (Chamkhar),Chamkhar,Chamkhar
Dungkor Lhakhang,Cultural Site,BT,Bumthang,Dzongkhag Thromde (Chamkhar),Chamkhar,Chamkhar
Barsha Lhakhang,Cultural Site,BT,Gasa,Goenkhame,Khailoo,
Khailo Lhakhang,Cultural Site,BT,Gasa,Goenkhame,Khailoo,Khailoo
Tshechudra,Cultural Site,BT,Gasa,Goenkhame,,
sipjigoenpa,Cultural Site,BT,Gasa,Goenkhame,Damji,
choedigoenpa,Cultural Site,BT,Gasa,Goenkhame,Zomi-Gayza,
Zamsel Goenpa,Cultural Site,BT,Gasa,Goenkhatoe,Remi,
Gasa Tashi thomoen Dzong,Cultural Site,BT,Gasa,Goenkhatoe,Choley,Phulakha
Yongdzo lhakhang,Cultural Site,BT,Gasa,Laya,Tokor,Toko
Amchu Tashi Lhakhang,Cultural Site,BT,Gasa,Laya,Chongra,Lubcha
Lungo nTsulakhang,Cultural Site,BT,Gasa,Laya,Lungoo,Lungo
Dungoen Lhakhang,Cultural Site,BT,Gasa,Laya,Lungoo,Lungo
Lungo Dratshang Jangchup choling,Cultural Site,BT,Gasa,Laya,Lungoo,Lungo
laya donga shadrup choling,Cultural Site,BT,Gasa,Laya,Pazhi,
Pazhi lhakhang,Cultural Site,BT,Gasa,Laya,Pazhi,
Tshozhab Lhakhang,Cultural Site,BT,Gasa,Lunana,Tshodzong,Tshodzong
zuridra Lhakhang,Cultural Site,BT,Gasa,Lunana,Lhedi,
lendroe Lhangkhag,Cultural Site,BT,Gasa,Lunana,Tshodzong,
Toenchoe Dorji Khandro Lhakhang,Cultural Site,BT,Gasa,Lunana,Tenchey- Thangza,Tenchey
Pelden Lhamoi Lhakhang,Cultural Site,BT,Gasa,Lunana,Tenchey- Thangza,Tenchey
Thangza Lhakhang,Cultural Site,BT,Gasa,Lunana,Tenchey- Thangza,Thangza
Honhtsho Tashigang Goenpa,Cultural Site,BT,Thimphu,Chang,Lhoongtsho_Tashigang,Lhoongtsho
Phendeykha Samdup Lhakhang,Cultural Site,BT,Thimphu,Chang,Lhoongtsho_Tashigang,Lhoongtsho
Rama Lhakhang,Cultural Site,BT,Thimphu,Chang,Ramtoktok_Tsangrina,Rama
Yoselpang Lhakhang,Cultural Site,BT,Thimphu,Chang,Yoeselpang,Yoeselpang
Chamgang Lhakhang,Cultural Site,BT,Thimphu,Dagala,Chamgang Toed,Chamgang Toed
Chizhi Samtencholling,Cultural Site,BT,Thimphu,Genye,Chizhi,
Zamtog Lhakhang,Cultural Site,BT,Thimphu,Genye,Tsho-chekha_Zamtog,Zamtog
Zangleykha Lhakhang,Cultural Site,BT,Thimphu,Genye,Zang-legkha,Zangleykha
Geney Lhakhang,Cultural Site,BT,Thimphu,Genye,Ge-nyenkha,Genekha
Wangbama Karmachen Lhakhang,Cultural Site,BT,Thimphu,Genye,Wangbama,Bama
Laximi Narayan Mandhir,Cultural Site,BT,Sarpang,Chhudzom,Lhayul,Lhayul(Mougaon)
Shiva Mandhir,Cultural Site,BT,Sarpang,Chhuzagang,Thongjabi-Yueling,Yueling
Laximi Narayan Mandhir,Cultural Site,BT,Sarpang,Dekiling,Chhokhorling,Chhokhorling(Toribari)
shivalaya mandhir,Cultural Site,BT,Sarpang,Hiley,Menchhulam,Menchhulam(Kharpani)
Radha Krishan,Cultural Site,BT,Sarpang,Gelephu,Pelrithang Khatoed,
Laximi Narayan Mandhir,Cultural Site,BT,Sarpang,Jigmichhoeling,Khatoed,Jungchhurgang(Saudalay)
Radha Krishna,Cultural Site,BT,Sarpang,Jigmichhoeling,Gongtsekha,Gongtsekha (Gongdara)
shivalaya mandhir,Cultural Site,BT,Sarpang,Samtenling,Samtengang,Samtenling (Bhur)
Gewphu Lhakhang,Cultural Site,BT,Thimphu,Lingzhi,Chakphu,Ghewphu
Hindhu Mandhir,Cultural Site,BT,Sarpang,Shompangkha,Koencholing,Kencholing(Kharpani)
Hindhu Mandhir,Cultural Site,BT,Sarpang,Shompangkha,Gomchola,Gomchola Ka(Chaar)
Jhomolhari Lhakhang,Cultural Site,BT,Thimphu,Soe,Jomphu,Jomphu
Shivalaya mandhir,Cultural Site,BT,Sarpang,Gelephu,Pelrithang Khatoed,Pelrithang(Lodrai)
Pema Yoeling Tsulakhang,Cultural Site,BT,Sarpang,Gelephu,Pelrithang Khatoed,Pelrithang
DoNga Kinzang Choling Goenpa,Cultural Site,BT,Sarpang,Sherzhong,Sershong,Sershong
Pema Yoeseling Choedey,Cultural Site,BT,Sarpang,Shompangkha,Koencholing,Kenchoeling/Kharpanitar
Thegcho Khandu Ynagtse Goenpa,Cultural Site,BT,Sarpang,Gelephu,Lekithang,Lekithang(Lakitar)
Dujom Khando Yangtse Goenpa,Cultural Site,BT,Sarpang,Umling,Dangling,Dangling
Sershong,Cultural Site,BT,Sarpang,Sherzhong,Sershong,Sershong
Namgay Choeling,Cultural Site,BT,Sarpang,Chhuzagang,Nimaling-Shawapong,Shawapong/Daragoan
Lungta Tharchin,Cultural Site,BT,Sarpang,Dekiling,Dekiling,Darbithang(Sukhatar)
Sang Nga Yoesel choeling,Cultural Site,BT,Sarpang,Hiley,Sangkha,Sangkha(Rateypani)
Yoesel Choling,Cultural Site,BT,Sarpang,Hiley,Gakiling,Gakiling (Hilley)
Jigmecholing Lhakhang,Cultural Site,BT,Sarpang,Jigmichhoeling,Khatoed,Khatoe
Chungshing Lhakhang,Cultural Site,BT,Sarpang,Jigmichhoeling,Khamaed,Chunshing
Reti Lhakhang,Cultural Site,BT,Sarpang,Jigmichhoeling,Gongduegang,Riti(Reti)/ Zompagang
Samden lhudneupcholing,Cultural Site,BT,Sarpang,Jigmichhoeling,Samkhar,Shingkharthang (Samkhara)
Dechenpelri Edi,Cultural Site,BT,Sarpang,Samtenling,Dechenpelri,Dechenpelri(Jaruwa)
Namdrol choling Goenpa,Cultural Site,BT,Sarpang,Senge,Yarpheling,Sahariphu(Balatung)
Tarethang lhakhang,Cultural Site,BT,Sarpang,Taraythang,Yoezergang,Oedzergang (Rangadara)
Umling lhakhang,Cultural Site,BT,Sarpang,Umling,Rijug,Lingar
Sherubcholing Anim Dratshang,Cultural Site,BT,Sarpang,Chhuzagang,Thongjabi-Yueling,Yueling/Danabari
Gelephu Rabdey,Cultural Site,BT,Sarpang,Gelephu,Pemathang,Pemathang(Somitar)
Tharpaling,Cultural Site,BT,Sarpang,Gelephu,Pemathang,Pemathang(Somitar)
Nimalung,Cultural Site,BT,Sarpang,Gelephu,Pemathang,Pemathang(Somitar)
Thugten Ku lhakhang,Cultural Site,BT,Sarpang,Gelephu,Lekithang,Lekithang(Lakitar)
Jigmecholing Rabdey,Cultural Site,BT,Sarpang,Jigmichhoeling,Khatoed,Khatoe
Pema lhundrup chokhorling,Cultural Site,BT,Sarpang,Sherzhong,Pemayoeling,Pemayoeling
Phulhari Nyekhang,Cultural Site,BT,Sarpang,Samtenling,Dechenpelri,Dechenpelri(Jaruwa)
Zabgdo pelri,Cultural Site,BT,Sarpang,Shompangkha,Shompangkha,Shompangkha(Sarpangtar)
Dorithasa Thongji,Cultural Site,BT,Haa,Gakiling,Dorithasa_Kowkha_Yangtse,Dorithasa
Gangri ma,Cultural Site,BT,Haa,,,Gangringmo
Rangtse Tashi Choeling,Cultural Site,BT,Haa,,,Rangtse
Jamdue Goenpa,Cultural Site,BT,Haa,Bji,Choompa_Jamgoen,Jamgoen
Yangthang Zabden Choeling,Cultural Site,BT,Haa,Bji,Yangthang,Jangtoed
Tenchong Samten Choeling,Cultural Site,BT,Haa,Bji,Tsenka_Taloong,Tsenkagoenpa
Yangthangpa Tshuk Lhakhang,Cultural Site,BT,Haa,Bji,Yangthang,Jangtoed
Thukten Choeling,Cultural Site,BT,Haa,Bji,Gensa_Tokey,Gensa
Tshegay Tshuklhakhang,Cultural Site,BT,Haa,Bji,Tsenka_Taloong,Tsenka
Gensa Lhakhang,Cultural Site,BT,Haa,Bji,Gensa_Tokey,Gensa
Geychhu Lhakhang,Cultural Site,BT,Haa,Bji,Chenpa_Geychukha,Geychhukha
Choompa Lhakhang,Cultural Site,BT,Haa,Bji,Choompa_Jamgoen,Choompa
Tshen Tshen Goenpa,Cultural Site,BT,Haa,Bji,Yangthang,Tshekha
Long Long Lhakhang,Cultural Site,BT,Haa,Bji,Tsenka_Taloong,Tsenka
Dragna Tashi Dingkha,Cultural Site,BT,Haa,Katsho,Dragding_Karjena,Dragding
Kartsho Goenpa,Cultural Site,BT,Haa,Katsho,,
Lunhkha Ugyen peljor,Cultural Site,BT,Haa,Katsho,,
Bali Lhakhang,Cultural Site,BT,Haa,Katsho,Bali_Mombitshokha,Bali
Jungnedra Lhakhang,Cultural Site,BT,Haa,Katsho,Kargoen_Hatam,Jungnedra
Wangtsa Lhakhang,Cultural Site,BT,Haa,Katsho,Wangtsa,Wangtsa
Namgay Ling Dzong,Cultural Site,BT,Haa,Katsho,,
Tagchhu Goenpa,Cultural Site,BT,Haa,Uesu,Kipri_Tagchhu,Tagchhu
LungtsoKha Choekhorling,Cultural Site,BT,Haa,Uesu,Kipri_Tagchhu,Kipri
Pajekha Lhakhang,Cultural Site,BT,Haa,Uesu,Pajekha_Sangkiri,Pajekha
Lhakhang Karpo,Cultural Site,BT,Haa,Uesu,Betso_Doomchhog,Doomchhog
Lhakhang Nakpo,Cultural Site,BT,Haa,Uesu,Kipri_Tagchhu,Kipri
Haa Goenpa,Cultural Site,BT,Haa,Uesu,,
Goensakha Lhakhang,Cultural Site,BT,Haa,Uesu,Tshaphel_Tsiloongkha,Goensakha
Sangkiri Lhakhang,Cultural Site,BT,Haa,Uesu,Pajekha_Sangkiri,Sangkiri
Shelkar Drak,Cultural Site,BT,Haa,Uesu,Kipri_Tagchhu,Kipri
Wangchuk Lo Dzong,Cultural Site,BT,Haa,Uesu,Betso_Doomchhog,
Dorikha Lam Dorji,Cultural Site,BT,Haa,Sama,Dorikha_Langjogang,Dorikha
Shari Lhakhang,Cultural Site,BT,Haa,Sama,Shar-ri,Shar-ri
Chuzarkha Lhakhang,Cultural Site,BT,Haa,Sama,,
Dorikha Lhakhang,Cultural Site,BT,Haa,Sama,Dorikha_Langjogang,Dorikha
Pudunang Lhakhang,Cultural Site,BT,Haa,Sama,Pudunang,Pudunang
Shari Drolay Lhakhang,Cultural Site,BT,Haa,Sama,Shar-ri,Shar-ri
Balam Lhakhang,Cultural Site,BT,Haa,Sama,Balamnang,Balamnang
Anakha Tashi Choeling,Cultural Site,BT,Haa,Sombey,Anakha_Shepji,Anakha
Terbay Goenpa,Cultural Site,BT,Haa,,,
Sidra Goenpa Tashigang,Cultural Site,BT,Haa,,,Tashigang
Shama Jangchub Ling,Cultural Site,BT,Haa,,,Shama
Phuntsho Dargay Choeling,Cultural Site,BT,Haa,,,Mochhu
Chimi Lhakhang,Cultural Site,BT,Punakha,Bapisa,Sopsokha-Yuwa-Zhikha,Yuwakha
Gamakha Lhakhang,Cultural Site,BT,Punakha,Bapisa,Gamakha-Septokha,Gamkha
Tshokorna Lhakhang,Cultural Site,BT,Punakha,Bapisa,Tshokorna,Tshokorna
Sewla Lhakhang,Cultural Site,BT,Punakha,Chhubu,Jangwakha Sewla,Sewla
Ngyoedrupchu Lobdra,Cultural Site,BT,Punakha,Chhubu,Ngoedrupchu,Ngoedrupchu
Jiligang,Cultural Site,BT,Punakha,Chhubu,Bumteykha-Tempakha,Tempakha
Khenchendra,Cultural Site,BT,Punakha,Chhubu,Ngoedrupchu,Ngoedrupchu
Namgye Tse,Cultural Site,BT,Punakha,Chhubu,Jangwakha Sewla,Sewla
Tshogo Ngye Lhakhang,Cultural Site,BT,Punakha,Chhubu,Jangwakha Sewla,Sewla
Jangwakha Lhakhang,Cultural Site,BT,Punakha,Chhubu,Jangwakha Sewla,Jangwakha
Bumteykha Lhakhang,Cultural Site,BT,Punakha,Chhubu,Bumteykha-Tempakha,Bumteykha
Bali Lhakhang,Cultural Site,BT,Punakha,Chhubu,Bali,Bali
Khamsum Yueley Namgyel Chorten,Cultural Site,BT,Punakha,Chhubu,Yebesa,Yebesa
Sonagassa Drupthop Lhakhang,Cultural Site,BT,Punakha,Chhubu,Yebesa,Yebesa
Goendrap Lhakhang,Cultural Site,BT,Punakha,Chhubu,Yebesa,Punagom
Jimithang Lhakhang,Cultural Site,BT,Punakha,Dzoma,Jimithang,Jimithang
Lhundrup Choling Lhakhang,Cultural Site,BT,Punakha,Dzoma,Dzomisa Mendagang,Mendagang
Tshoda Lamai Nye,Cultural Site,BT,Punakha,Dzoma,Tana Eusa,Eusakha
Jasha Goenpa,Cultural Site,BT,Punakha,Dzoma,Khilikha Loongkha,Jasha Goenpa
Chhoetenningpo Lhakhang,Cultural Site,BT,Punakha,Kabjisa,Choetenningpo-Yusakha,Chhoetenningpo
Thudrup Lhakhang,Cultural Site,BT,Punakha,Kabjisa,Choetenningpo-Yusakha,Yusakha
Kinzang Yoesel Choling,Cultural Site,BT,Punakha,Kabjisa,Choetenningpo-Yusakha,Chhoetenningpo
Tongzhugna Lhakhang,Cultural Site,BT,Punakha,Kabjisa,Hyeloog-Tongzhuna,Tongzhuna
Sirigang Lhakhang,Cultural Site,BT,Punakha,Kabjisa,Sirigang-Wakhudamchi,Sirigang
wakhuna Lhakhang,Cultural Site,BT,Punakha,Kabjisa,Sirigang-Wakhudamchi,Wakhuna Damchi
Talo Dzong,Cultural Site,BT,Punakha,Talo,Talo,Janwanang
Nobgang Lhakhang,Cultural Site,BT,Punakha,Talo,Nobgang,
Laptsakha Lhakhang,Cultural Site,BT,Punakha,Talo,Laptsakha,
Dongkokha,Cultural Site,BT,Punakha,Talo,Nobgang,Dongkokha
Pangkarpo,Cultural Site,BT,Punakha,Talo,Talo,
Dompala Lhakhang,Cultural Site,BT,Punakha,Lingmukha,Dompala,Dompala
Goensho Keypailing,Cultural Site,BT,Punakha,Lingmukha,Dompala,Dompala
Lingbukha Lhakhang,Cultural Site,BT,Punakha,Lingmukha,Lingmukha,
Takcho Goenpa,Cultural Site,BT,Punakha,Lingmukha,Lingmukha,Lingmu Gom
Tasho Goenpa,Cultural Site,BT,Punakha,Lingmukha,Napchey,
Umtoekha Lhakhang,Cultural Site,BT,Punakha,Lingmukha,Umtoedkha,Umtoedkha
Nalanda Lhakhang,Cultural Site,BT,Punakha,Toepisa,Damkhey - Rinakha,
Drakaropo,Cultural Site,BT,Punakha,Toepisa,Bichekha-Yuel Hamo,
Yami Goenpa,Cultural Site,BT,Punakha,Toepisa,Bichekha-Yuel Hamo,
Thinleygang Lhakhang,Cultural Site,BT,Punakha,Toepisa,Lemjeykha-Thinleygang,
Menchuna Lhakhang,Cultural Site,BT,Punakha,Toepisa,Dochula-Menchuna,
Tashi Choling Lhakhang,Cultural Site,BT,Punakha,Toepisa,Dochula-Menchuna,
Lemjeykha Lhakhang,Cultural Site,BT,Punakha,Toepisa,Lemjeykha-Thinleygang,
Serto Lhakhang,Cultural Site,BT,Punakha,Toepisa,Damkhey - Rinakha,
Chandana Lhakhang,Cultural Site,BT,Punakha,Toepisa,Damkhey - Rinakha,
Mendrelgang Lhakhang,Cultural Site,BT,Punakha,Toepisa,Lemjeykha-Thinleygang,
Goemsa Lhakhang,Cultural Site,BT,Punakha,Toepisa,Lemjeykha-Thinleygang,
Jachung Karmo Anim Dratshang,Cultural Site,BT,Punakha,Guma,Bayminag-Phulingsum-wangwakha,Phulingsum
Gubu Goenpa Lhakhang,Cultural Site,BT,Punakha,Guma,Bayminag-Phulingsum-wangwakha,Phulingsum
LakhuLhakhang,Cultural Site,BT,Punakha,Guma,Lakhu,Lakhu
Do Jagar Lam Lhakhang,Cultural Site,BT,Punakha,Guma,Dochukha- Dzomlingthang-Ritsa,Dochukha
Yangchen Lhakhang,Cultural Site,BT,Punakha,Guma,Dochukha- Dzomlingthang-Ritsa,Dochukha
Waleygang Lhakhang,Cultural Site,BT,Punakha,Guma,Changyul-Lungsigang-Tashijong,Thara
Wolakha Lhakhang,Cultural Site,BT,Punakha,Guma,Guma -Wolakha,Wolakha
Sangchen Dorji Lundrup,Cultural Site,BT,Punakha,Guma,Guma -Wolakha,Wolakha
Khuruthang Lhakhang,Cultural Site,BT,Punakha,Guma,Guma -Wolakha,Khuru
Bazaguru Dungdrup Lhakhang,Cultural Site,BT,Punakha,Guma,Guma -Wolakha,Khuru
Lekshey Jungney Shedra,Cultural Site,BT,Punakha,Guma,Guma -Wolakha,
Phuchu Dumra Lobdra,Cultural Site,BT,Punakha,Guma,Guma -Wolakha,
Goen Tshephu,Cultural Site,BT,Punakha,Goenshari,Yorbu,
Nangsi Goenpa,Cultural Site,BT,Punakha,Goenshari,Draagchukha,
Zhelngosa Lhakhang,Cultural Site,BT,Punakha,Goenshari,,
Datong Goenpa Lhakhang,Cultural Site,BT,Punakha,Shengabjimi,Datong,
Nepa Goenpa,Cultural Site,BT,Punakha,Shengabjimi,Dongkokha,
Thugten Shedrupling Dratshang,Cultural Site,BT,Sarpang,Dekiling,Jigmeling,Dolongang(Gairegoan)
Ngoedruptse Dzong,Cultural Site,BT,Chhukha,Bjachho,,
Dokhachu Goenpa,Cultural Site,BT,Chhukha,Chapchha,,
Thatdrak,Cultural Site,BT,Chhukha,Chapchha,Lang Nyelsa,
Tshamdrag Goenpa,Cultural Site,BT,Chhukha,Chapchha,Tshamdrag,Tsamdrag
Pagga Goenpa,Cultural Site,BT,Chhukha,Chapchha,Pagga,
Shelma Goenpa,Cultural Site,BT,Chhukha,Chapchha,Gangkha_Shel-Yuel,Sheyuel
Shelmagangkha Lhakhang,Cultural Site,BT,Chhukha,Chapchha,Gangkha_Shel-Yuel,Sheyuel
Rimtakha Lhakhang,Cultural Site,BT,Chhukha,Chapchha,Dokharchhu_Rimtekha,Rimtekha
Langyelkha Lhakhang,Cultural Site,BT,Chhukha,Chapchha,Lang Nyelsa,
Buna Dargay Choeling Lhakhang,Cultural Site,BT,Chhukha,Chapchha,Bunakha,Bunakha
Dungkhor Lhakhang,Cultural Site,BT,Chhukha,Bjachho,Bjabchhog,Bjagcchog
Bjabchog Lhakhang,Cultural Site,BT,Chhukha,Bjachho,Bjabchhog,Bjagcchog
Mebisa Lhakhang,Cultural Site,BT,Chhukha,Bjachho,Mebisa,Mebisa
Chhukha Zangdopelri,Cultural Site,BT,Chhukha,Bjachho,Wangkha,Wangkha
Tsimakha Lhakhang,Cultural Site,BT,Chhukha,Bjachho,Tsimalakha_Tsimasham,
Wangkha Lhakhang,Cultural Site,BT,Chhukha,Bjachho,Wangkha,Wangkha
Dunggoenpa Lhakhang,Cultural Site,BT,Chhukha,Dungna,,
Geling Goenpa,Cultural Site,BT,Chhukha,Geling,,
Daapbur Goenpa,Cultural Site,BT,Chhukha,Geling,,
Kamji Lhakhang,Cultural Site,BT,Chhukha,Geling,,
Zhushidingkha Lhakhang,Cultural Site,BT,Chhukha,Samphelling,,
Pagsamkha Zangdopelri,Cultural Site,BT,Chhukha,Samphelling,,
Metakha Phunthsopelri Lhakhang,Cultural Site,BT,Chhukha,Metap,Uekha,Yuekha
Loggchina Lhkahang,Cultural Site,BT,Chhukha,Logchina,,
Dungbinee Lhakhang,Cultural Site,BT,Chhukha,Logchina,,
Chimuna Lhakhang,Cultural Site,BT,Chhukha,Logchina,,
Darla Tashi Choeling Lhakhang,Cultural Site,BT,Chhukha,Dala,,
Zhemgang Dechen Yangtse,Cultural Site,BT,Zhemgang,Trong,Zhemgang Thromde,Trong
Trong Lhakhang,Cultural Site,BT,Zhemgang,Trong,Zhemgang Thromde,Trong
Phungmithang Dratsang,Cultural Site,BT,Zhemgang,Shingkhar,Nyimshong_Thajong,Nyimshong
Kibulungtshen Lhakhang,Cultural Site,BT,Zhemgang,Trong,Dangkhar_Trong,Doongbi
Rinchentse Lhakhang,Cultural Site,BT,Chhukha,Dala,,
Darla Shiv Mandir,Cultural Site,BT,Chhukha,Dala,,
Ketokha Lhakhang,Cultural Site,BT,Chhukha,Bongo,Ketogkha,Ketokha
Meritsemo Lhakhang,Cultural Site,BT,Chhukha,Bongo,Gedu_Miritsemo,Miritsemo
Bongo Lhakhang,Cultural Site,BT,Chhukha,Bongo,Bongo_Phasooma,Bongo
Labtsakha Lhakhang,Cultural Site,BT,Chhukha,Bongo,Gedu_Miritsemo,Gedu
Baeyul Kinzang,Cultural Site,BT,Chhukha,Bongo,Baeyuel Kunzang,Baeyul Kunzang
Gedu Lhakhang,Cultural Site,BT,Chhukha,Bongo,Gedu_Miritsemo,Gedu
Chasilhakha Lhakhang,Cultural Site,BT,Chhukha,Bongo,Choongkha_Chhasilakha,Chasilhakha
Chhongkha Lhakhang,Cultural Site,BT,Chhukha,Bongo,Choongkha_Chhasilakha,Chhongkha
Togtokha Lhakhang,Cultural Site,BT,Chhukha,Bongo,Togtokha_Togtogongm,Togtokha
Togtowom Lhakhang,Cultural Site,BT,Chhukha,Bongo,Togtokha_Togtogongm,Togtogomn
Bachhu Lhakkkhang,Cultural Site,BT,Chhukha,Getana,,
Choeyul Lhakhang,Cultural Site,BT,Chhukha,Getana,,
Tashigang Lhakhang,Cultural Site,BT,Chhukha,Getana,,
Daga Karsel Lhakhang,Cultural Site,BT,Chhukha,Getana,,
Tsebji Lhakhang,Cultural Site,BT,Chhukha,Getana,,
Phusa Lhakhang,Cultural Site,BT,Chhukha,Getana,,
Namgaychoeling Zangdopelri,Cultural Site,BT,Chhukha,Phuentsholing,,
Rabten Lhakhang,Cultural Site,BT,Chhukha,Phuentsholing,,
Duedjom Choekhang,Cultural Site,BT,Chhukha,Phuentsholing,,
Rinchending Lhakhang,Cultural Site,BT,Chhukha,Phuentsholing,,
Phuntsholing Zangdopelri,Cultural Site,BT,Chhukha,Phuentsholing,,
Pelden Tashichoeling Shedra,Cultural Site,BT,Chhukha,Phuentsholing,,
Paachu Lebcha Lhakhang,Cultural Site,BT,Chhukha,Phuentsholing,,
Chorten Kora Lhakhang,Cultural Site,BT,Yangtse,Trashiyangtse,Baaney_Bimkhar,Bimkhar
Dongdi Dzong (Yangtse Old Dzong),Cultural Site,BT,Yangtse,Trashiyangtse,Lichen,Lichen
Yangtse Druthroe,Cultural Site,BT,Yangtse,Trashiyangtse,Baaney_Bimkhar,
Rigsum Gonpa Lhakhang,Cultural Site,BT,Yangtse,Bumdeling,Betsamang,Rigsum Gonepa
Nangkahr Lobdra,Cultural Site,BT,Yangtse,Toedtsho,Nangkhar_Seb,Sep
Gomohu Kora,Cultural Site,BT,Yangtse,Tomzhangtshen,Bainangkhar_Gomkora,Gomphukora
Gangla Nyenshar Lhakhang,Cultural Site,BT,Yangtse,Bumdeling,Pangkhar_Tarphel,Taphel
Dechencholing Lhakhang,Cultural Site,BT,Yangtse,Bumdeling,Ngalimang_Phanteng,Phenteng
Zhapang Lhakhang,Cultural Site,BT,Yangtse,Bumdeling,Betsamang,Lamdrang
Gangkhardung Lhakhang,Cultural Site,BT,Yangtse,Bumdeling,Gangkhardoong_Tshaleng,Tsaling
Phenteng Lhakhang,Cultural Site,BT,Yangtse,Bumdeling,Ngalimang_Phanteng,Ngalimang
Pelri Dechen Gonpa,Cultural Site,BT,Yangtse,Bumdeling,Betsamang,Pelri Goenpa
Dechen Phodrang Zangdo Pelri,Cultural Site,BT,Yangtse,Bumdeling,Bomdhir_Wogmanang,Wongmanang
Nyangteng Lhakhang,Cultural Site,BT,Yangtse,Bumdeling,Ngalimang_Phanteng,Nangteng
Ngalimang Lhakhang,Cultural Site,BT,Yangtse,Bumdeling,Ngalimang_Phanteng,Phenteng
Bangringmo Lhakhang,Cultural Site,BT,Yangtse,Bumdeling,Ngalimang_Phanteng,Phenteng
Kheysu Lhakhang,Cultural Site,BT,Yangtse,Bumdeling,Betsamang,Lamdrang
Garkang Lhakhang,Cultural Site,BT,Yangtse,Bumdeling,Betsamang,Lamdrang
Pangdey Lhakhang,Cultural Site,BT,Yangtse,Bumdeling,Bomdhir_Wogmanang,Wongmanang
Zangbhu Lhakhang,Cultural Site,BT,Yangtse,Bumdeling,Betsamang,Zangphu Goenpa
Dechen Phordrang Lhakhang,Cultural Site,BT,Yangtse,Bumdeling,Bomdhir_Wogmanang,Wongmanang
Khenyel Lhakhang,Cultural Site,BT,Yangtse,Bumdeling,Bomdhir_Wogmanang,Khengyel Goenpa
Badeygang Lhakhang,Cultural Site,BT,Yangtse,Bumdeling,Ngalimang_Phanteng,Phenteng
Shangyuel  Lhakhang,Cultural Site,BT,Yangtse,Bumdeling,Ngalimang_Phanteng,Phenteng
Labar Lhakhang,Cultural Site,BT,Yangtse,Jamkhar,Shingkhar_Tongla,Labar
Larjab Lhakhang,Cultural Site,BT,Yangtse,Jamkhar,Laishoom_Largyab,Jigtsham
Dromshing Lhakhang,Cultural Site,BT,Yangtse,Jamkhar,Rijoong_Yoob,Dromshing
Larjab Lhakhang,Cultural Site,BT,Yangtse,Jamkhar,Laishoom_Largyab,Larjab
Shingkhar Lhakhang,Cultural Site,BT,Yangtse,Jamkhar,Shingkhar_Tongla,Shingkhar
Samtencholing Lhakhang,Cultural Site,BT,Yangtse,Jamkhar,Neydraag_Paechhu,Ninda
Sang Nga Choling Lhakhang,Cultural Site,BT,Yangtse,Jamkhar,Chhema_Taagchhema,Tagchayma
Dekied Choling Lhakhang,Cultural Site,BT,Yangtse,Jamkhar,Laishoom_Largyab,
Golam Zor Lhakhang,Cultural Site,BT,Yangtse,Jamkhar,Rijoong_Yoob,Golomzor
Deudreling Dratshang,Cultural Site,BT,Yangtse,Jamkhar,Rijoong_Yoob,Kizor
Gardung Lhakhang,Cultural Site,BT,Yangtse,Khamdang,Dhomtshang_Karmadzom,Gardung
Samdrup Choling Lhakhang,Cultural Site,BT,Yangtse,Khamdang,Dhomtshang_Karmadzom,Domtsang
Domtshang Lhakhang,Cultural Site,BT,Yangtse,Khamdang,Dhomtshang_Karmadzom,Domtsang
Kanjur Lhakhang,Cultural Site,BT,Yangtse,Khamdang,Dhomtshang_Karmadzom,Daka
Shakshing Lhakhang,Cultural Site,BT,Yangtse,Khamdang,Dhomtshang_Karmadzom,Shakshingma
Darchen Lhakhang,Cultural Site,BT,Yangtse,Khamdang,Dhomtshang_Karmadzom,Dharchen Gonpa
Tadzong Lhakhang,Cultural Site,BT,Yangtse,Khamdang,Dhomtshang_Karmadzom,Domtsang
Bainang Gonpa,Cultural Site,BT,Yangtse,Khamdang,Serpang_Shalli,
Pema Kyedsel Kuenzang Shedrupling,Cultural Site,BT,Yangtse,Khamdang,Serpang_Shalli,Baadep
Khamdang Lhakhang,Cultural Site,BT,Yangtse,Khamdang,Khamdang_Manla,Khamdang
Long_Nyen Choling,Cultural Site,BT,Yangtse,Khamdang,Doongtse_Lengkhar,Liwachen
Janchub Choling,Cultural Site,BT,Yangtse,Khamdang,Nombaring_Shazam,Shazam
Nomaring Lhakhang,Cultural Site,BT,Yangtse,Khamdang,Nombaring_Shazam,Nombaring
Sangay Choling,Cultural Site,BT,Yangtse,Khamdang,Nombaring_Shazam,Dopelchen
Zartsi Lhakang,Cultural Site,BT,Yangtse,Khamdang,Nombaring_Shazam,Zhartsi
Lam Tashi Zangdopelri,Cultural Site,BT,Yangtse,Khamdang,Nombaring_Shazam,Tshenkharla
Pam Choekhang,Cultural Site,BT,Yangtse,Khamdang,Serpang_Shalli,Pam
Kencholing Choekhang,Cultural Site,BT,Yangtse,Khamdang,Serpang_Shalli,Kencholing
Droduel Pemachoeling,Cultural Site,BT,Yangtse,Ramjar,Lengbartang_Woongkhar,Woongkhar
Ragmagang Lhakhang,Cultural Site,BT,Yangtse,Ramjar,Lengbartang_Woongkhar,Woongkhar
Bawoong Lhakhang,Cultural Site,BT,Yangtse,Ramjar,Bawoong,Jalam tag
Sang Nga Choling,Cultural Site,BT,Yangtse,Ramjar,Khalapangthang_Tsang-Rong,Gonpa
Romang Lhakhang,Cultural Site,BT,Yangtse,Ramjar,Bainang-Reb_Romang,Romang
Rigzin  Thoesamcholing Shedra,Cultural Site,BT,Yangtse,Ramjar,Lengbartang_Woongkhar,Woongkhar
Drachen Lhakhang,Cultural Site,BT,Yangtse,Toedtsho,Nangkhar_Seb,
Zimbhula Lhakhang,Cultural Site,BT,Yangtse,Toedtsho,Maeldoong_Omba,Meldung
Toksing Lhakhang,Cultural Site,BT,Yangtse,Toedtsho,Khi-Nyel_Togshing,Tokshing
Rizin Kusumcholing,Cultural Site,BT,Yangtse,Toedtsho,Maeldoong_Omba,Dumang
Sertsho Lhakhang,Cultural Site,BT,Yangtse,Toedtsho,Sertsho,Sertsho
Sengphu Lhakhang,Cultural Site,BT,Yangtse,Toedtsho,Nangkhar_Seb,Sengphu
Jangphoogtse Lhakhang,Cultural Site,BT,Yangtse,Toedtsho,Jangphootse,
Ombga Ney and Lhakhang,Cultural Site,BT,Yangtse,Toedtsho,Maeldoong_Omba,Omba
Gongza Nye,Cultural Site,BT,Yangtse,Toedtsho,Khi-Nyel_Togshing,
Bainangkahr Lhakhang,Cultural Site,BT,Yangtse,Tomzhangtshen,Bainangkhar_Gomkora,Bianangkhar
Kapial Draphu,Cultural Site,BT,Yangtse,Tomzhangtshen,Bainangkhar_Gomkora,Dhookuloong
Sanga Zabgay Jatshencholing,Cultural Site,BT,Yangtse,Tomzhangtshen,Baagpa_Kuenzangling,Kenmoongdongtoed
Drudra Samdrup Choloing,Cultural Site,BT,Yangtse,Tomzhangtshen,Changmadoong_Soggangnang,Changmadung
Togkaphu Lamai Gonpa,Cultural Site,BT,Yangtse,Tomzhangtshen,Maenchhu_Tsangdhoong,Togkaphug
Togkaphu Lhakhang,Cultural Site,BT,Yangtse,Tomzhangtshen,Maenchhu_Tsangdhoong,Togkaphug
Thrigoen Pema Woeling,Cultural Site,BT,Yangtse,Tomzhangtshen,Maenchhu_Tsangdhoong,Thruechugoen
Kuenphencholing,Cultural Site,BT,Yangtse,Tomzhangtshen,Pang_Lhauzhing,Pang
Tashi Choling,Cultural Site,BT,Yangtse,Tomzhangtshen,Baagpa_Kuenzangling,Kuenzangling
Goekar Tashicholing Lhakhang,Cultural Site,BT,Yangtse,Yalang,Phuyang_Yalang,Yallang
Changlochen Lhakhang,Cultural Site,BT,Yangtse,Yalang,Phuyang_Yalang,Tshangshing
Tashi Thongja Lhakhang,Cultural Site,BT,Yangtse,Yalang,Namthig_Yerphel,Yerphel
Tashi Choling Lhakhang,Cultural Site,BT,Yangtse,Yalang,Namthig_Yerphel,Namthi
SamtenCholing Lhakhang,Cultural Site,BT,Yangtse,Yalang,Chhema_Melongkhar,Melongkhar
Dechencholing Lhakhang,Cultural Site,BT,Yangtse,Yalang,Chhema_Melongkhar,Melongkhar
Chema Lhakhang,Cultural Site,BT,Yangtse,Yalang,Chhema_Melongkhar,Chema
Pema Choling Lhakhang,Cultural Site,BT,Yangtse,Yalang,Dhoogti_Gashing,Dhoogti
Ugyen Choling Lhakahang,Cultural Site,BT,Yangtse,Yalang,Rolam_Thragom,Rollam
Pangtoecholing Lhakhang,Cultural Site,BT,Yangtse,Yalang,Rolam_Thragom,Goenpa
Rinzin Tenpang Thsogkhang,Cultural Site,BT,Yangtse,Yalang,Rolam_Thragom,Rinzintaanpang
Rinchengang Lhakhang,Cultural Site,BT,Yangtse,Trashiyangtse,Bayling,Rinchengang
Zorigchusum Tshogkhang,Cultural Site,BT,Yangtse,Trashiyangtse,Baaney_Bimkhar,Tongchen
Chugom Goenpa,Cultural Site,BT,Yangtse,Trashiyangtse,Bayling,Bayling
Donga Choling Lhakhang,Cultural Site,BT,Yangtse,Trashiyangtse,Baaney_Bimkhar,Chuckchi
Kharsa Lhakhang,Cultural Site,BT,Yangtse,Trashiyangtse,Baaney_Bimkhar,Banye
Sangaten Lhakhang,Cultural Site,BT,Yangtse,Trashiyangtse,Gangkhar,Gankhar
Gomdar Lhakhang,Cultural Site,BT,Yangtse,Trashiyangtse,Gangkhar,Gankhar
Thrumdra Lhakhang,Cultural Site,BT,Yangtse,Trashiyangtse,Rabti,Rabti
Yoeseltse Lhakhang,Cultural Site,BT,Yangtse,Trashiyangtse,Rabti,Rabti
Lhundrup Choling,Cultural Site,BT,Yangtse,Trashiyangtse,Baaney_Bimkhar,Banye
Kuezang Choling,Cultural Site,BT,Yangtse,Trashiyangtse,Baaney_Bimkhar,Bimkhar
Bayling Lhakhang,Cultural Site,BT,Yangtse,Trashiyangtse,Bayling,Bayling
Sep Lhakhang,Cultural Site,BT,Yangtse,Trashiyangtse,Bayling,Sep
Zhadi Lhakhang,Cultural Site,BT,Yangtse,Trashiyangtse,Lichen,Zhadi
Dungkhor Lhakhang,Cultural Site,BT,Yangtse,Trashiyangtse,Lichen,Lichen
Lichen Lhakhang,Cultural Site,BT,Yangtse,Trashiyangtse,Lichen,Lichen
Larjab Lhakhang,Cultural Site,BT,Yangtse,Trashiyangtse,Gangkhar,Gankhar
Ngalangdung Lhakhang,Cultural Site,BT,Yangtse,Trashiyangtse,Lichen,Lichen
lingzhi lhakang,Cultural Site,BT,Paro,Naja,Bemphu_Lingzhi_Nagu,Lingzhi
Tshedra Gempa,Cultural Site,BT,Paro,Naja,Rangzhin-Gang_Tshebji,Rangzhin-Gang
Guru Gang Lhakang,Cultural Site,BT,Paro,Naja,Rangzhin-Gang_Tshebji,Rangzhin-Gang
Tsheudu Gempa,Cultural Site,BT,Paro,Naja,Jazhina_Tsoen-Goen,Jazhina
Yangch Gempa Lhakhang,Cultural Site,BT,Paro,Naja,Jazhina_Tsoen-Goen,Jazhina
Phurdup Pema Yoeling Gempa,Cultural Site,BT,Paro,Doga,Dawakha_Tshongkha,Tshongkha
Gomdrag Lhakkhang,Cultural Site,BT,Paro,Doga,Dawakha_Tshongkha,Dawakha
Tshongkha Neykhang Lhakhang,Cultural Site,BT,Paro,Doga,Dawakha_Tshongkha,Togtokha
Drana Gempa,Cultural Site,BT,Paro,Doga,Dawakha_Tshongkha,Dawakha
Dobje Dzong,Cultural Site,BT,Paro,Doga,Dawakha_Tshongkha,Dawakha
Tashidengkha Lhakhng,Cultural Site,BT,Paro,Doga,Khamdraag_Sali,Tashigang
Chilkar Gempa Lhakhang,Cultural Site,BT,Paro,Doga,Khamdraag_Sali,Silu Goenpa
Serlang Gempa,Cultural Site,BT,Paro,Doga,Khamdraag_Sali,Silu Goenpa
Kathog Gempa,Cultural Site,BT,Paro,Doga,Khamdraag_Sali,Sali
jadu Gang,Cultural Site,BT,Paro,Doga,Khamdraag_Sali,Khamdraag
Khamdrak Sangachaing,Cultural Site,BT,Paro,Doga,Khamdraag_Sali,Khamdraag
Dratekha Lhakhang,Cultural Site,BT,Paro,Doga,Tenchhekha_Tsiphu,Tenchhekha
Chogtse Lhakhang,Cultural Site,BT,Paro,Doga,Tenchhekha_Tsiphu,Tsiphu
Gang Jug Bume Lhakhang,Cultural Site,BT,Paro,Doga,Tenchhekha_Tsiphu,Tsiphu
Droley Lhakhang,Cultural Site,BT,Paro,Doga,Goensakha_Phuchhekha,Goensakha
Eusakha Lhakhang,Cultural Site,BT,Paro,Doga,Mendrel_Uesuna,Uesuna
Phuchekha Lhakhang,Cultural Site,BT,Paro,Doga,Goensakha_Phuchhekha,Phuchhekha
Tshelgang Tamo Lhakhang,Cultural Site,BT,Paro,Doga,Goensakha_Phuchhekha,Tshoelgang
Jabkhar Lhakhang,Cultural Site,BT,Paro,Doga,Mendrel_Uesuna,Mendrel Jabkha
Eusukha Lhakhang,Cultural Site,BT,Paro,Doga,Mendrel_Uesuna,Uesuna
Takchog Lhakhang,Cultural Site,BT,Paro,Doga,Mendrel_Uesuna,Tamchhoegang
Jabdo Gempa,Cultural Site,BT,Paro,Shapa,Drugyaldingkha,Teli
Jamling Gempa,Cultural Site,BT,Paro,Shapa,Drugyaldingkha,Gangri
Jamling Gempa,Cultural Site,BT,Paro,Shapa,Drugyaldingkha,Gangri
Drukdhing Lhakhang,Cultural Site,BT,Paro,Shapa,Drugyaldingkha,Drugyaldingkha
Lhakhang,Cultural Site,BT,Monggar,Narang,Thrinangphu,Gutshaptang
Karma Choling Lhakhang,Cultural Site,BT,Monggar,Chhali,Gonpa,Gonpasarwa
Gensar lhakahng,Cultural Site,BT,Monggar,Chhali,Gonpa,Gonpasarwa
Damcha Lhakhang,Cultural Site,BT,Monggar,Chhali,Wangmakhar,Wangmakhar Lhakhang
Dungkor Lhakhang,Cultural Site,BT,Monggar,Chhali,Wangmakhar,Wangmakhar Lhakhang
Dechencholing Lhakahng,Cultural Site,BT,Monggar,Chhali,Chaling,Chali
Shangaty Lhakahng,Cultural Site,BT,Monggar,Chhali,Gonpa,Gonpasarwa
Dungkor Lhakhang,Cultural Site,BT,Monggar,Chhali,Gonpa,Gonpasarwa
Dungkor Lhakhang,Cultural Site,BT,Monggar,Chhali,Gonpa,Sapoktor
Dungkor Lhakhang,Cultural Site,BT,Monggar,Chhali,Pangthang,Charzhong
Dungkor Lhakahng,Cultural Site,BT,Monggar,Chhali,Pangthang,Tshamkhang
Yakdu Lhakhang,Cultural Site,BT,Monggar,Chaskhar,Yetong_Jarshingpogtor,Yetong
Ugyen Donga Shedrup Choekhorling,Cultural Site,BT,Monggar,Chaskhar,Doongsingma_Pam,Dungsingma
Phendey Choling Lhakhang,Cultural Site,BT,Monggar,Chaskhar,Yetong_Jarshingpogtor,Jarshingpoktor
Doongkarcholing Lhakahng,Cultural Site,BT,Monggar,Chaskhar,Borphai_Chagsakhar,Goenpasingma
Yoesel Choling Lhakahng,Cultural Site,BT,Monggar,Chaskhar,Borphai_Chagsakhar,Goenpasingma
Kheri Lhakahng,Cultural Site,BT,Monggar,Chaskhar,Borphai_Chagsakhar,Goenpasingma
Limi Lhakhang,Cultural Site,BT,Monggar,Drametse,Serkhagpu_Yengkhartshing,Lemi
Bazor Lhakhang,Cultural Site,BT,Monggar,Drametse,Serkhagpu_Yengkhartshing,Bazor
Garpa Lhakhang,Cultural Site,BT,Monggar,Drametse,Drametse_Shaphangma,Shaphangma
Drupchu Lhakhang,Cultural Site,BT,Monggar,Drametse,Serkhagpu_Yengkhartshing,Kueshewong
Dramestse Lhakhang,Cultural Site,BT,Monggar,Drametse,Drametse_Shaphangma,Drametse
Samtenling Lhakhang,Cultural Site,BT,Monggar,Drepung,Drepoong,Salangzor
Pelden Dukzhing Goenpa,Cultural Site,BT,Monggar,Drepung,Drepoong,Changshingjab
Yongkala,Cultural Site,BT,Monggar,Drepung,Nyamla Bainangri,Nyamla
Laptsha Goenpal,Cultural Site,BT,Monggar,Drepung,Nyamla Bainangri,Nyamla
Woongdaza Lhakhang,Cultural Site,BT,Monggar,Drepung,Nyamla Bainangri,
Nymla Lhakhang,Cultural Site,BT,Monggar,Drepung,Nyamla Bainangri,Nyamla
Jawdi Lhakhang,Cultural Site,BT,Monggar,Drepung,Nyamla Bainangri,Jawdey
Woop Lhakhang,Cultural Site,BT,Monggar,Drepung,Drepoong,Woop pek
Zunglen Lhakhang,Cultural Site,BT,Monggar,Drepung,Zunglen,Zunglen
Ugyen Yoeselcholing Lhakhang,Cultural Site,BT,Monggar,Drepung,Tsangkhar,Chaksuzor
Kuenphen Yoesel Choling Lhakhang,Cultural Site,BT,Monggar,Drepung,Drepoong,Bumpazor
Rinchenling,Cultural Site,BT,Monggar,Gongdue,Pikari_Yangbari,Yangbari
Tshugla Lhakhang,Cultural Site,BT,Monggar,Gongdue,Damkhar_Weringla,Pangthang
Tshugla Lhakhang,Cultural Site,BT,Monggar,Gongdue,Damkhar_Weringla,Photsala
Tashiling Lhakhang,Cultural Site,BT,Monggar,Gongdue,Damkhar_Weringla,Damkhar
Tshokiling Lhakhang,Cultural Site,BT,Monggar,Gongdue,Daagsa_Kumazong,Daksa
Jangchubling Lhakhang,Cultural Site,BT,Monggar,Gongdue,Baagla_Dengkaling,Bakla
Dengkaling Lhakhang,Cultural Site,BT,Monggar,Gongdue,Baagla_Dengkaling,Dengkaling
Chimi Lhendup Gatshel,Cultural Site,BT,Monggar,Narang,Thrinangphu,Lhakhang
Ngukphu Thogma Lhakhang,Cultural Site,BT,Monggar,Kengkhar,Kyidpari_Yudari,Kidpari
Ngukphu Wogma Lhakhang,Cultural Site,BT,Monggar,Kengkhar,Kyidpari_Yudari,Udari
Theck Cho Yosel Choling Lhakhang,Cultural Site,BT,Monggar,Kengkhar,Kyidpari_Yudari,Kidpari
Shajula Lhakhang,Cultural Site,BT,Monggar,Kengkhar,Tongla_Zi-Tsibi,Shajula
Khuipangmo Lhakhang,Cultural Site,BT,Monggar,Kengkhar,Tongla_Zi-Tsibi,Zitsebi
Dungkar Gonpa Lhakhang,Cultural Site,BT,Monggar,Kengkhar,Phosothong_singchongri,Shingchongri
Kadam Lhakhang,Cultural Site,BT,Monggar,Kengkhar,Phosothong_singchongri,Shingchongri
Gyalkhar Lhakhang,Cultural Site,BT,Monggar,Kengkhar,Olokid_Talabi,Gyalkhar
Nanari Lhkhang,Cultural Site,BT,Monggar,Kengkhar,Neykorlong_Warongborang,Nanaric
Tshowang Lhakhang,Cultural Site,BT,Monggar,Kengkhar,Neykorlong_Warongborang,Nakolog
Chiphu Lhakhang,Cultural Site,BT,Monggar,Kengkhar,Neykorlong_Warongborang,Nakolog
Murung Lhakhang,Cultural Site,BT,Monggar,Kengkhar,Dogtang_Mooroong,Murung
Ugyen Gatshel Lhakhakhang,Cultural Site,BT,Monggar,Jurmey,Bilam_Dangkila,Bilam
Dungkar Choeling Lhakhang,Cultural Site,BT,Monggar,Jurmey,Moodoongkhar_Tselam,Tselam
Bayul Lhakhang,Cultural Site,BT,Monggar,Jurmey,Bilam_Dangkila,Bilam
Menchaphu Lhakhang,Cultural Site,BT,Monggar,Jurmey,Bilam_Dangkila,Bilam
Menchaphu Ngayub Choeling Lhakhang,Cultural Site,BT,Monggar,Jurmey,Bilam_Dangkila,Bilam
Ngamphu Lhakhang,Cultural Site,BT,Monggar,Jurmey,Ngamphu_Sangkama,Ngamphu
Rakta Lhakhang,Cultural Site,BT,Monggar,Jurmey,Koknala_Ya-Ragla,Ya-Rakla
Ringfu Gonpa Lhakhang,Cultural Site,BT,Monggar,Jurmey,Moogtangkhar_Tsangkhazor,Muktangkhar
Sangkama Ugyen Choling,Cultural Site,BT,Monggar,Jurmey,Ngamphu_Sangkama,Sangkama
Singsiri Lhakhang,Cultural Site,BT,Monggar,Jurmey,Bilam_Dangkila,Bilam
Chinchari Lhakhang,Cultural Site,BT,Monggar,Jurmey,Bilam_Dangkila,Chenchhari
Threma Lhakhang,Cultural Site,BT,Haa,Katsho,,
Sangkiri chorten,Cultural Site,BT,Haa,Uesu,Pajekha_Sangkiri,Sangkiri
Tsholing Lhakahng,Cultural Site,BT,Monggar,Saleng,Saling,Tsholing
Dongag Woesel Choeling Lhakhang,Cultural Site,BT,Monggar,Saleng,Saling,Saling
Broksar Ugyen Choeling Lhakhang,Cultural Site,BT,Monggar,Saleng,Drogsar,Drogsar
Kuenzang Choeling/Tokapang Lhakhang,Cultural Site,BT,Monggar,Saleng,Drogsar,Maangling
Masangdaza Peam Yoeling/ Dungkarcholing Lhakhang,Cultural Site,BT,Monggar,Saleng,Tsenzabi_Masangdaza,Masangdaza
Jangdung Samdrupcholing Lhakahng,Cultural Site,BT,Monggar,Saleng,Tsenzabi_Masangdaza,Jangdung
Tsenzabi Namdak Choeling Lhakhang,Cultural Site,BT,Monggar,Saleng,Tsenzabi_Masangdaza,Tsenzibi
Thridangbi Samtenchoying Phodrangling Lhakahng,Cultural Site,BT,Monggar,Saleng,Thridangbi,
Sengor Ugyen Pelri Lhakhang,Cultural Site,BT,Monggar,Saleng,Seng-Gor,Seng-Gor
Kalapang Lhonub Ngayab Pelri Lhakhang,Cultural Site,BT,Monggar,Saleng,Kalapang_Risa,Kalapang
Resa Tashi Choling Lhakhang,Cultural Site,BT,Monggar,Saleng,Kalapang_Risa,Resa
Gophu Goenpa,Cultural Site,BT,Dagana,Tseza,Karlingdzingkha,Karlingzingkha
Drupchu Goenpa,Cultural Site,BT,Monggar,Balam,Balam,
Jadung Lhakhang,Cultural Site,BT,Monggar,Balam,Jadung,
Sangayoeselcholing lhakhang,Cultural Site,BT,Monggar,Balam,Khebshing,
Guru Tsokhor Lhakhang,Cultural Site,BT,Monggar,Balam,Khebshing,
Zangdopelri,Cultural Site,BT,Monggar,Balam,Khebshing,
Guru Lhakhang,Cultural Site,BT,Monggar,Balam,Jadung,Upper jadung
Shami Lhakahng,Cultural Site,BT,Monggar,Mongar,Kidekhar,
Dungkhor Lhakhang,Cultural Site,BT,Monggar,Mongar,Kidekhar,
Lungtok Chuki,Cultural Site,BT,Monggar,Mongar,Kidekhar,
Jaiphu Lhakhang,Cultural Site,BT,Monggar,Mongar,Phosorong,Phosorong
Nangyeezor Lhakhang,Cultural Site,BT,Monggar,Mongar,Phosorong,Nangyee Zor
Pongchula Lhakhang,Cultural Site,BT,Monggar,Mongar,Phosorong,Pongchula
Kadam Gomdhey,Cultural Site,BT,Monggar,Mongar,Phosorong,Phosorong
Yagang Pema Choing,Cultural Site,BT,Monggar,Mongar,Phosorong,Phosorong
Tsenlung Lhakahng,Cultural Site,BT,Monggar,Mongar,Phosorong,Phosorong
Naling Lhakhang,Cultural Site,BT,Monggar,Mongar,Phosorong,Phosorong
Kadam Lhakhang,Cultural Site,BT,Monggar,Mongar,Phosorong,Kadam
Takchu Gonpa,Cultural Site,BT,Monggar,Mongar,Konbar_Tagchu,Takchu
Takchu Lhakhang,Cultural Site,BT,Monggar,Mongar,Konbar_Tagchu,Takchu
Tadmpa,Cultural Site,BT,Monggar,Mongar,Konbar_Tagchu,Tadampa
KOnbar Dungjur,Cultural Site,BT,Monggar,Mongar,Konbar_Tagchu,Konbar
Thrigburi Lhakhang,Cultural Site,BT,Monggar,Mongar,Konbar_Tagchu,Konbar
Thakchen Chakna,Cultural Site,BT,Monggar,Mongar,Themnangbi_Ketongri,
Kunegacholing,Cultural Site,BT,Monggar,Mongar,Themnangbi_Ketongri,Bachu
Wengkhar Nagtshang,Cultural Site,BT,Monggar,Mongar,Wengkhar_Yagpoogang,Naktsang
Kadam Jangchub,Cultural Site,BT,Monggar,Mongar,Wengkhar_Yagpoogang,Wengkhar
Kharabshing Lhakhang,Cultural Site,BT,Monggar,Mongar,Wengkhar_Yagpoogang,Kharabshing
Shaydrup Choling,Cultural Site,BT,Monggar,Mongar,Wengkhar_Yagpoogang,Yakpogang
Gyalpozhing Lhakhang,Cultural Site,BT,Monggar,Mongar,Gyalpoizhing_Wangling,
Yangchen Loeseling Shedra,Cultural Site,BT,Monggar,Mongar,Kidekhar,
Khuitangbu,Cultural Site,BT,Monggar,Mongar,Wengkhar_Yagpoogang,Jaibab
Nagor Lhakhang,Cultural Site,BT,Monggar,Silambi,Nagor,Nagor Trong
Dag Lhakhang,Cultural Site,BT,Monggar,Silambi,Dag,
Jangchub Choeling Lhakhang,Cultural Site,BT,Monggar,Silambi,Gyalgong,Gyelong Toe
Sheripong Lhakhang,Cultural Site,BT,Monggar,Silambi,Wama,
Wama Lhakhang,Cultural Site,BT,Monggar,Silambi,Wama,
Kadam Lhakhang,Cultural Site,BT,Monggar,Silambi,Silambi,Silambi
Laijuk Lhakhang,Cultural Site,BT,Monggar,Silambi,Nagor,Laiju
Serbum Lhakhang,Cultural Site,BT,Monggar,Tsamang,Thuenmong_Tokari,Tokari
Tokari Lhakhang,Cultural Site,BT,Monggar,Tsamang,Thuenmong_Tokari,Tokari
Jangchubling,Cultural Site,BT,Monggar,Tsamang,Ganglapong Toed,Ganglapong Toed
Dongalkhakhang,Cultural Site,BT,Monggar,Tsamang,Ganglapong Maed,Ganglapong Maed
Khuling Lhakhang,Cultural Site,BT,Monggar,Tsamang,Ganglapong Maed,Khuling
Dungkhor hakhang,Cultural Site,BT,Trongsa,Dragteng,Tagtse-Tashidingkha,Tagtse
Rangtse Tashi Choeling,Cultural Site,BT,Haa,,,
