Organisation,PersonType,Sex,First Name,Last Name,Job Title,DOB,Email,Mobile Phone,Home Postcode,Home Country,Home L1,Home L2,Home L3,Home L4,Teams,Skills
"Ministerium für Soziales, Arbeit, Gesundheit und Demographie",volunteer,M,Joël,Kehrer,Rettungsassistent(in),1985-03-09,joel.kehrer@test.de,0157-0177556,54483,Germany,Rheinland-Pfalz,Bernkastel-Wittlich,Traben-Trarbach,54483 Kleinich,Studierende,Fahrzeug zur Verfügung
"Ministerium für Soziales, Arbeit, Gesundheit und Demographie",volunteer,,Kylian-Enes,Gräber,Altenpfleger(in),1991-08-09,kylian-enes.graeber@test.de,0177-5514703,56843,Germany,Rheinland-Pfalz,Bernkastel-Wittlich,Starkenburg,56843 Irmenach,Lehrer,"Fahrzeug zur Verfügung,Computer & Internet"
"Ministerium für Soziales, Arbeit, Gesundheit und Demographie",volunteer,,Muna,Hollmann,Altenpfleger(in),1981-08-01,muna.hollmann@example.com,0151-3173433,57644,Germany,Rheinland-Pfalz,Westerwaldkreis,Marzhausen,57644 Hattert,Lehrer,Fahrzeug zur Verfügung
"Ministerium für Soziales, Arbeit, Gesundheit und Demographie",volunteer,,Armando,Wiedenmann,Arzt/Ärztin,1996-03-09,armando.wiedenmann@example.com,0151-5524303,67365,Germany,Rheinland-Pfalz,Germersheim,Westheim (Pfalz),67365 Schwegenheim,MSAGD Freiwillige,Computer & Internet
"Ministerium für Soziales, Arbeit, Gesundheit und Demographie",volunteer,M,Marco,Feller,Arzt/Ärztin,1991-03-10,marco.feller@test.de,0151-2034026,54655,Germany,Rheinland-Pfalz,Eifelkreis Bitburg-Prüm,Usch,54655 Kyllburg,MSAGD Freiwillige,Computer & Internet
"Ministerium für Soziales, Arbeit, Gesundheit und Demographie",volunteer,M,Friedel,Bohne,Arzt/Ärztin,1984-03-14,friedel.bohne@testmail.com,0151-1337418,55452,Germany,Rheinland-Pfalz,Bad Kreuznach,Hergenfeld,55452 Guldental,MSAGD Freiwillige,"Fahrzeug zur Verfügung,Computer & Internet"
"Ministerium für Soziales, Arbeit, Gesundheit und Demographie",volunteer,,Asal,Haider,Krankenpfleger(in),1985-03-01,asal.haider@test.de,0160-1528111,54576,Germany,Rheinland-Pfalz,Vulkaneifel,Gerolstein,54576 Hillesheim,Landesbedienstete,"Fahrzeug zur Verfügung,Computer & Internet"
"Ministerium für Soziales, Arbeit, Gesundheit und Demographie",volunteer,,Vladimirovič,Voit,Rettungsassistent(in),1990-03-25,vladimirovic.voit@test.de,0178-8134707,56276,Germany,Rheinland-Pfalz,Westerwaldkreis,Caan,56276 Großmaischeid,Studierende,Fahrzeug zur Verfügung
"Ministerium für Soziales, Arbeit, Gesundheit und Demographie",volunteer,,Esmagül,Gerner,Arzt/Ärztin,1976-09-03,esmaguel.gerner@example.com,0178-4133804,53577,Germany,Rheinland-Pfalz,Neuwied,Vettelschoß,53577 Neustadt (Wied),MSAGD Freiwillige,Fahrzeug zur Verfügung
MDK Rheinland-Pfalz,volunteer,,Ngọc,Zeh,Arzt/Ärztin,1996-08-17,ngoc.zeh@testmail.com,0178-4001370,54413,Germany,Rheinland-Pfalz,Trier-Saarburg,Rascheid,54413 Gusenburg,MDK Helferpool,Computer & Internet
MDK Rheinland-Pfalz,volunteer,F,Farina,Uhlig,Arzt/Ärztin,1969-08-17,farina.uhlig@testmail.com,0177-6756284,67098,Germany,Rheinland-Pfalz,Bad Dürkheim,Weidenthal,67098 Bad Dürkheim,MDK Helferpool,Computer & Internet
MDK Rheinland-Pfalz,volunteer,,My,Öztürk,Arzt/Ärztin,1972-08-09,my.oeztuerk@example.com,0178-4238208,66919,Germany,Rheinland-Pfalz,Südwestpfalz,Steinalben,66919 Obernheim-Kirchenarnbach u.a.,MDK Helferpool,"Fahrzeug zur Verfügung,Computer & Internet"
MDK Rheinland-Pfalz,volunteer,,Pusat,Franke,Arzt/Ärztin,1953-05-21,pusat.franke@example.com,0178-6666724,55452,Germany,Rheinland-Pfalz,Mainz-Bingen,Waldalgesheim,55452 Guldental,MDK Helferpool,"Fahrzeug zur Verfügung,Computer & Internet"
"Ministerium für Soziales, Arbeit, Gesundheit und Demographie",volunteer,F,Allegra,Willms,Arzt/Ärztin,1968-01-10,allegra.willms@example.com,0178-3322447,53902,Germany,Rheinland-Pfalz,Ahrweiler,Hümmel,53902 Bad Münstereifel,MSAGD Freiwillige,"Fahrzeug zur Verfügung,Computer & Internet"
"Ministerium für Soziales, Arbeit, Gesundheit und Demographie",volunteer,F,Arzana,Breu,Altenpfleger(in),1999-02-21,arzana.breu@testmail.com,0160-7167760,57610,Germany,Rheinland-Pfalz,Altenkirchen (Westerwald),Kettenhausen,57610 Altenkirchen (Westerwald),Lehrer,Fahrzeug zur Verfügung
"Ministerium für Soziales, Arbeit, Gesundheit und Demographie",volunteer,,Karlsson,Speck,Krankenpfleger(in),1999-08-23,karlsson.speck@test.de,0151-4006507,67471,Germany,Rheinland-Pfalz,Südliche Weinstraße,Edenkoben,67471 Elmstein,Landesbedienstete,"Fahrzeug zur Verfügung,Computer & Internet"
"Ministerium für Soziales, Arbeit, Gesundheit und Demographie",volunteer,,Chiu,Ortmann,Arzt/Ärztin,1956-08-27,chiu.ortmann@test.de,0157-7252646,56753,Germany,Rheinland-Pfalz,Mayen-Koblenz,Gappenach,"56753 Mertloch, Welling u.a.",MSAGD Freiwillige,"Fahrzeug zur Verfügung,Computer & Internet"
MDK Rheinland-Pfalz,volunteer,,Kaori,Heinzelmann,Arzt/Ärztin,1974-04-06,kaori.heinzelmann@testmail.com,0157-8531478,54619,Germany,Rheinland-Pfalz,Eifelkreis Bitburg-Prüm,Roscheid,54619 Üttfeld,MDK Helferpool,Fahrzeug zur Verfügung
"Ministerium für Soziales, Arbeit, Gesundheit und Demographie",volunteer,,Bent,Langguth,Arzt/Ärztin,1997-06-01,bent.langguth@example.com,0178-0143723,51570,Germany,Rheinland-Pfalz,Altenkirchen (Westerwald),Oberirsen,51570 Windeck,MSAGD Freiwillige,"Fahrzeug zur Verfügung,Computer & Internet"
MDK Rheinland-Pfalz,volunteer,F,Igorevna,Seibert,Arzt/Ärztin,1992-03-04,igorevna.seibert@example.com,0178-3824013,54528,Germany,Rheinland-Pfalz,Bernkastel-Wittlich,Dreis,54528 Salmtal,MDK Helferpool,Fahrzeug zur Verfügung
MDK Rheinland-Pfalz,volunteer,,Yoko,Bergner,Arzt/Ärztin,2000-03-22,yoko.bergner@test.de,0151-1411625,56290,Germany,Rheinland-Pfalz,Rhein-Hunsrück-Kreis,Bell (Hunsrück),56290 Beltheim,MDK Helferpool,"Fahrzeug zur Verfügung,Computer & Internet"
"Ministerium für Soziales, Arbeit, Gesundheit und Demographie",volunteer,F,Bohyeba,Spörl,Arzt/Ärztin,1960-03-28,bohyeba.spoerl@testmail.com,0177-2056041,54636,Germany,Rheinland-Pfalz,Eifelkreis Bitburg-Prüm,Feilsdorf,54636 Rittersdorf u.a.,MSAGD Freiwillige,Fahrzeug zur Verfügung
MDK Rheinland-Pfalz,volunteer,M,Oghosa,Rott,Arzt/Ärztin,1949-09-16,oghosa.rott@test.de,0160-8554850,55758,Germany,Rheinland-Pfalz,Bernkastel-Wittlich,Morbach,55758 Niederwörresbach,MDK Helferpool,Computer & Internet
MDK Rheinland-Pfalz,volunteer,,Agelos,Stumm,Arzt/Ärztin,1963-03-13,agelos.stumm@example.com,0151-1471077,67822,Germany,Rheinland-Pfalz,Donnersbergkreis,Oberhausen an der Appel,"67822 Winterborn, Waldgrehweiler, Niedermoschel, u.a.",MDK Helferpool,Computer & Internet
"Ministerium für Soziales, Arbeit, Gesundheit und Demographie",volunteer,,Romeo,Birkholz,Arzt/Ärztin,1994-03-15,romeo.birkholz@example.com,0160-2252333,66509,Germany,Rheinland-Pfalz,Südwestpfalz,Rieschweiler-Mühlbach,66509 Rieschweiler-Mühlbach,MSAGD Freiwillige,Computer & Internet
MDK Rheinland-Pfalz,volunteer,F,Maria,Mezger,Arzt/Ärztin,1970-03-14,maria.mezger@testmail.com,0177-7768128,67725,Germany,Rheinland-Pfalz,Donnersbergkreis,Göllheim,67725 Börrstadt,MDK Helferpool,Computer & Internet
MDK Rheinland-Pfalz,volunteer,F,Cäcilie,Rauer,Arzt/Ärztin,1982-03-02,caecilie.rauer@example.com,0177-8647717,57612,Germany,Rheinland-Pfalz,Altenkirchen (Westerwald),Hemmelzen,57612 Birnbach,MDK Helferpool,"Fahrzeug zur Verfügung,Computer & Internet"
"Ministerium für Soziales, Arbeit, Gesundheit und Demographie",volunteer,,Linnea,Sommer,Altenpfleger(in),1975-03-24,linnea.sommer@example.com,0157-6333212,54316,Germany,Rheinland-Pfalz,Trier-Saarburg,Schömerich,54316 Pluwig,Lehrer,"Fahrzeug zur Verfügung,Computer & Internet"
MDK Rheinland-Pfalz,volunteer,,Ayaz,Wuttke,Arzt/Ärztin,1958-01-04,ayaz.wuttke@testmail.com,0151-4175077,65629,Germany,Rheinland-Pfalz,Rhein-Lahn-Kreis,Niederneisen,65629 Niederneisen,MDK Helferpool,Computer & Internet
MDK Rheinland-Pfalz,volunteer,,Wassim,Zellner,Arzt/Ärztin,1977-03-21,wassim.zellner@example.com,0178-2173501,67319,Germany,Rheinland-Pfalz,Bad Dürkheim,Neuleiningen,67319 Wattenheim,MDK Helferpool,Fahrzeug zur Verfügung
"Ministerium für Soziales, Arbeit, Gesundheit und Demographie",volunteer,,Loreen,Baum,Krankenpfleger(in),1960-08-04,loreen.baum@testmail.com,0178-6223575,55469,Germany,Rheinland-Pfalz,Rhein-Hunsrück-Kreis,Bergenhausen,55469 Simmern/Hunsrück u.a.,Landesbedienstete,Computer & Internet
MDK Rheinland-Pfalz,volunteer,,Soraya-Amira,Just,Arzt/Ärztin,1997-06-22,soraya-amira.just@testmail.com,0177-1177781,56766,Germany,Rheinland-Pfalz,Vulkaneifel,Horperath,56766 Ulmen,MDK Helferpool,Computer & Internet
"Ministerium für Soziales, Arbeit, Gesundheit und Demographie",volunteer,,Alya,Stang,Altenpfleger(in),1951-02-02,alya.stang@example.com,0160-0584875,56377,Germany,Rheinland-Pfalz,Rhein-Lahn-Kreis,Weinähr,56377 Nassau,Lehrer,Computer & Internet
"Ministerium für Soziales, Arbeit, Gesundheit und Demographie",volunteer,,Matilda,Wiesner,Krankenpfleger(in),1972-01-09,matilda.wiesner@testmail.com,0151-7466263,76848,Germany,Rheinland-Pfalz,Südliche Weinstraße,Gossersweiler-Stein,76848 Wilgartswiesen,Landesbedienstete,Fahrzeug zur Verfügung
MDK Rheinland-Pfalz,volunteer,,Enisa,Haake,Arzt/Ärztin,1980-03-15,enisa.haake@test.de,0160-2618070,56856,Germany,Rheinland-Pfalz,Cochem-Zell,Grenderich,56856 Zell (Mosel),MDK Helferpool,Fahrzeug zur Verfügung
"Ministerium für Soziales, Arbeit, Gesundheit und Demographie",volunteer,,Joséphine,Wegener,Rettungsassistent(in),1972-08-26,josephine.wegener@testmail.com,0178-4753730,55546,Germany,Rheinland-Pfalz,Bad Kreuznach,Biebelsheim,55546 Hackenheim,Studierende,Fahrzeug zur Verfügung
MDK Rheinland-Pfalz,volunteer,,Brianne,Dörr,Arzt/Ärztin,1988-09-14,brianne.doerr@test.de,0177-7856262,67808,Germany,Rheinland-Pfalz,Donnersbergkreis,Höringen,"67808 Steinbach, Weitersweiler, Bennhausen, Mörsfeld, Würzweiler, Ruppertsecke",MDK Helferpool,"Fahrzeug zur Verfügung,Computer & Internet"
MDK Rheinland-Pfalz,volunteer,,Madeleine,Zacher,Arzt/Ärztin,1967-04-27,madeleine.zacher@test.de,0177-5173470,56821,Germany,Rheinland-Pfalz,Cochem-Zell,Bruttig-Fankel,56821 Ellenz-Poltersdorf,MDK Helferpool,"Fahrzeug zur Verfügung,Computer & Internet"
"Ministerium für Soziales, Arbeit, Gesundheit und Demographie",volunteer,,Bartosz,Köpke,Krankenpfleger(in),1952-08-06,bartosz.koepke@test.de,0160-8820285,66978,Germany,Rheinland-Pfalz,Südwestpfalz,Donsieders,66978 Clausen,Landesbedienstete,Fahrzeug zur Verfügung
MDK Rheinland-Pfalz,volunteer,,Valentin,Möser,Arzt/Ärztin,1985-08-10,valentin.moeser@test.de,0160-8654420,55590,Germany,Rheinland-Pfalz,Bad Kreuznach,Raumbach,55590 Meisenheim,MDK Helferpool,Fahrzeug zur Verfügung
MDK Rheinland-Pfalz,volunteer,,Soley,Scheibel,Arzt/Ärztin,1993-02-24,soley.scheibel@test.de,0177-3885146,76777,Germany,Rheinland-Pfalz,Germersheim,Jockgrim,76777 Neupotz,MDK Helferpool,Computer & Internet
"Ministerium für Soziales, Arbeit, Gesundheit und Demographie",volunteer,,Wiiliam,Mau,Krankenpfleger(in),1993-06-17,wiiliam.mau@example.com,0157-5628325,54340,Germany,Rheinland-Pfalz,Bernkastel-Wittlich,Rivenich,54340 Leiwen u.a.,Landesbedienstete,Fahrzeug zur Verfügung
MDK Rheinland-Pfalz,volunteer,,Huzeyfe,Stenger,Arzt/Ärztin,1961-09-10,huzeyfe.stenger@testmail.com,0160-3651610,66879,Germany,Rheinland-Pfalz,Kusel,Bosenbach,66879 Steinwenden u.a.,MDK Helferpool,Fahrzeug zur Verfügung
MDK Rheinland-Pfalz,volunteer,F,Zina,Keßler,Arzt/Ärztin,1952-01-12,zina.kessler@example.com,0177-2804407,56244,Germany,Rheinland-Pfalz,Westerwaldkreis,Herschbach (Oberwesterwald),"56244 Freilingen, Freirachdorf u.a.",MDK Helferpool,Fahrzeug zur Verfügung
"Ministerium für Soziales, Arbeit, Gesundheit und Demographie",volunteer,,Jayda,Greve,Krankenpfleger(in),1985-03-15,jayda.greve@testmail.com,0151-2434550,65558,Germany,Rheinland-Pfalz,Westerwaldkreis,Gackenbach,65558 Burgschwalbach,Landesbedienstete,"Fahrzeug zur Verfügung,Computer & Internet"
MDK Rheinland-Pfalz,volunteer,,Jérôme,Reichardt,Arzt/Ärztin,1967-03-24,jerome.reichardt@example.com,0178-7341630,54411,Germany,Rheinland-Pfalz,Trier-Saarburg,Hermeskeil,"54411 Deuselbach, Hermeskeil, Rorodt",MDK Helferpool,Computer & Internet
"Ministerium für Soziales, Arbeit, Gesundheit und Demographie",volunteer,,Luis-Alexander,Großkopf,Rettungsassistent(in),1986-09-27,luis-alexander.grosskopf@example.com,0178-0878623,67125,Germany,Rheinland-Pfalz,Rhein-Pfalz-Kreis,Dannstadt-Schauernheim,67125 Dannstadt-Schauernheim,Studierende,"Fahrzeug zur Verfügung,Computer & Internet"
MDK Rheinland-Pfalz,volunteer,,Maribel,Middendorf,Arzt/Ärztin,1969-09-28,maribel.middendorf@testmail.com,0177-4444278,54429,Germany,Rheinland-Pfalz,Trier-Saarburg,Hentern,54429 Schillingen,MDK Helferpool,"Fahrzeug zur Verfügung,Computer & Internet"
MDK Rheinland-Pfalz,volunteer,,Janiyah,Riehl,Arzt/Ärztin,1960-07-02,janiyah.riehl@testmail.com,0177-0137147,54298,Germany,Rheinland-Pfalz,Eifelkreis Bitburg-Prüm,Meckel,"54298 Welschbillig, Igel, Aach",MDK Helferpool,Computer & Internet
"Ministerium für Soziales, Arbeit, Gesundheit und Demographie",volunteer,,Lou,Schroer,Rettungsassistent(in),1972-07-07,lou.schroer@example.com,0157-0767161,66981,Germany,Rheinland-Pfalz,Südwestpfalz,Hinterweidenthal,66981 Münchweiler an der Rodalb,Studierende,Computer & Internet
"Ministerium für Soziales, Arbeit, Gesundheit und Demographie",volunteer,,Jörg,Wolfram,Krankenpfleger(in),1982-07-07,joerg.wolfram@test.de,0160-5447088,56858,Germany,Rheinland-Pfalz,Cochem-Zell,Reidenhausen,56858 Peterswald-Löffelscheid u.a.,Landesbedienstete,Fahrzeug zur Verfügung
MDK Rheinland-Pfalz,volunteer,,Mudgalā,Möller,Arzt/Ärztin,1968-04-10,mudgala.moeller@test.de,0151-1803861,67744,Germany,Rheinland-Pfalz,Kusel,Niederalben,"67744 Medard, Rathskirchen u.a.",MDK Helferpool,Fahrzeug zur Verfügung
"Ministerium für Soziales, Arbeit, Gesundheit und Demographie",volunteer,,Civana,David,Rettungsassistent(in),1975-02-11,civana.david@testmail.com,0178-8634803,67105,Germany,Rheinland-Pfalz,Rhein-Pfalz-Kreis,Böhl-Iggelheim,67105 Schifferstadt,Studierende,Computer & Internet
MDK Rheinland-Pfalz,volunteer,,Noél,Weisser,Arzt/Ärztin,1980-07-15,noel.weisser@testmail.com,0177-5434424,55765,Germany,Rheinland-Pfalz,Birkenfeld,Ellweiler,55765 Birkenfeld u.a.,MDK Helferpool,Fahrzeug zur Verfügung
MDK Rheinland-Pfalz,volunteer,,Rosalin,Hauptmann,Arzt/Ärztin,1959-07-23,rosalin.hauptmann@testmail.com,0160-3040703,56745,Germany,Rheinland-Pfalz,Mayen-Koblenz,Bell,56745 Bell,MDK Helferpool,Computer & Internet
"Ministerium für Soziales, Arbeit, Gesundheit und Demographie",volunteer,,Ekin,Gottschlich,Arzt/Ärztin,1995-05-25,ekin.gottschlich@testmail.com,0160-3018750,67273,Germany,Rheinland-Pfalz,Bad Dürkheim,Kallstadt,67273 Weisenheim am Berg,MSAGD Freiwillige,"Fahrzeug zur Verfügung,Computer & Internet"
"Ministerium für Soziales, Arbeit, Gesundheit und Demographie",volunteer,,Santijana,John,Arzt/Ärztin,1971-05-06,santijana.john@testmail.com,0177-4233084,57612,Germany,Rheinland-Pfalz,Altenkirchen (Westerwald),Walterschen,57612 Birnbach,MSAGD Freiwillige,"Fahrzeug zur Verfügung,Computer & Internet"
"Ministerium für Soziales, Arbeit, Gesundheit und Demographie",volunteer,,Oseibhue,Reiff,Krankenpfleger(in),1947-06-14,oseibhue.reiff@testmail.com,0157-5537770,67744,Germany,Rheinland-Pfalz,Kusel,Langweiler,"67744 Medard, Rathskirchen u.a.",Landesbedienstete,"Fahrzeug zur Verfügung,Computer & Internet"
"Ministerium für Soziales, Arbeit, Gesundheit und Demographie",volunteer,,Asya,Schuller,Rettungsassistent(in),1982-09-02,asya.schuller@test.de,0151-2771303,55425,Germany,Rheinland-Pfalz,Mainz-Bingen,Weiler bei Bingen,55425 Waldalgesheim,Studierende,Fahrzeug zur Verfügung
MDK Rheinland-Pfalz,volunteer,,Avedis,Gerber,Arzt/Ärztin,1992-09-20,avedis.gerber@testmail.com,0151-0213850,66484,Germany,Rheinland-Pfalz,Südwestpfalz,Reifenberg,66484 Battweiler u.a.,MDK Helferpool,"Fahrzeug zur Verfügung,Computer & Internet"
"Ministerium für Soziales, Arbeit, Gesundheit und Demographie",volunteer,,Mehmet,Pietsch,Arzt/Ärztin,1954-05-11,mehmet.pietsch@example.com,0177-3176055,67754,Germany,Rheinland-Pfalz,Kusel,Elzweiler,67754 Eßweiler,MSAGD Freiwillige,"Fahrzeug zur Verfügung,Computer & Internet"
"Ministerium für Soziales, Arbeit, Gesundheit und Demographie",volunteer,,Calogero,Weitzel,Rettungsassistent(in),1993-08-06,calogero.weitzel@example.com,0177-8862086,56249,Germany,Rheinland-Pfalz,Westerwaldkreis,Herschbach,56249 Herschbach,Studierende,Computer & Internet
"Ministerium für Soziales, Arbeit, Gesundheit und Demographie",volunteer,,Jamie,Wicke,Rettungsassistent(in),1984-09-06,jamie.wicke@test.de,0160-6244504,55758,Germany,Rheinland-Pfalz,Bernkastel-Wittlich,Morbach,55758 Niederwörresbach,Studierende,Fahrzeug zur Verfügung
"Ministerium für Soziales, Arbeit, Gesundheit und Demographie",volunteer,F,Léna,Holl,Arzt/Ärztin,1975-09-25,lena.holl@example.com,0178-4784324,54413,Germany,Rheinland-Pfalz,Trier-Saarburg,Hinzert-Pölert,54413 Gusenburg,MSAGD Freiwillige,Fahrzeug zur Verfügung
MDK Rheinland-Pfalz,volunteer,,Collin,Kutzner,Arzt/Ärztin,1956-04-16,collin.kutzner@testmail.com,0157-6785107,56599,Germany,Rheinland-Pfalz,Neuwied,Hammerstein,56599 Leutesdorf,MDK Helferpool,"Fahrzeug zur Verfügung,Computer & Internet"
MDK Rheinland-Pfalz,volunteer,M,Helmut,Graßl,Arzt/Ärztin,1974-09-01,helmut.grassl@example.com,0178-0633287,54673,Germany,Rheinland-Pfalz,Eifelkreis Bitburg-Prüm,Krautscheid,54673 Neuerburg u.a.,MDK Helferpool,Fahrzeug zur Verfügung
MDK Rheinland-Pfalz,volunteer,F,Mila,Storck,Arzt/Ärztin,1984-08-02,mila.storck@testmail.com,0151-8661705,54587,Germany,Rheinland-Pfalz,Vulkaneifel,Feusdorf,54587 Lissendorf,MDK Helferpool,Fahrzeug zur Verfügung
"Ministerium für Soziales, Arbeit, Gesundheit und Demographie",volunteer,F,Augusta,Gall,Arzt/Ärztin,1966-09-12,augusta.gall@example.com,0160-4144376,67742,Germany,Rheinland-Pfalz,Kusel,Wiesweiler,67742 Lauterecken u.a.,MSAGD Freiwillige,"Fahrzeug zur Verfügung,Computer & Internet"
MDK Rheinland-Pfalz,volunteer,,Selahaddin,Schock,Arzt/Ärztin,1986-06-02,selahaddin.schock@example.com,0178-3427025,56829,Germany,Rheinland-Pfalz,Cochem-Zell,Valwig,56829 Pommern,MDK Helferpool,Fahrzeug zur Verfügung
"Ministerium für Soziales, Arbeit, Gesundheit und Demographie",volunteer,F,Lila,Nikolaus,Altenpfleger(in),1949-07-12,lila.nikolaus@testmail.com,0178-0642826,55481,Germany,Rheinland-Pfalz,Rhein-Hunsrück-Kreis,Rödelhausen,55481 Kirchberg u.a.,Lehrer,Fahrzeug zur Verfügung
MDK Rheinland-Pfalz,volunteer,,Alejandro,Ewald,Arzt/Ärztin,1956-08-03,alejandro.ewald@test.de,0151-1273273,66851,Germany,Rheinland-Pfalz,Kaiserslautern,Landstuhl,"66851 Mittelbrunn, Queidersbach u.a.",MDK Helferpool,Computer & Internet
MDK Rheinland-Pfalz,volunteer,,Bo,Haller,Arzt/Ärztin,1970-06-02,bo.haller@example.com,0151-4286783,56858,Germany,Rheinland-Pfalz,Rhein-Hunsrück-Kreis,Belg,56858 Peterswald-Löffelscheid u.a.,MDK Helferpool,"Fahrzeug zur Verfügung,Computer & Internet"
MDK Rheinland-Pfalz,volunteer,,Cemil,Michl,Arzt/Ärztin,1999-06-02,cemil.michl@testmail.com,0151-2287208,55234,Germany,Rheinland-Pfalz,Mainz-Bingen,Weinolsheim,55234 Albig,MDK Helferpool,Computer & Internet
"Ministerium für Soziales, Arbeit, Gesundheit und Demographie",volunteer,,Fahed,Pabst,Altenpfleger(in),1984-06-19,fahed.pabst@example.com,0178-4702550,56729,Germany,Rheinland-Pfalz,Mayen-Koblenz,Kehrig,56729 Ettringen,Lehrer,Fahrzeug zur Verfügung
MDK Rheinland-Pfalz,volunteer,,Samuela,Gebert,Arzt/Ärztin,1961-06-11,samuela.gebert@testmail.com,0151-2625035,66953,Germany,Rheinland-Pfalz,Südwestpfalz,Münchweiler an der Rodalb,66953 Pirmasens,MDK Helferpool,Fahrzeug zur Verfügung
MDK Rheinland-Pfalz,volunteer,,Medine,Mahr,Arzt/Ärztin,1946-05-18,medine.mahr@testmail.com,0157-2267260,53424,Germany,Rheinland-Pfalz,Ahrweiler,Bad Neuenahr-Ahrweiler,53424 Remagen,MDK Helferpool,Fahrzeug zur Verfügung
MDK Rheinland-Pfalz,volunteer,F,Dila,Bechtel,Arzt/Ärztin,1958-07-23,dila.bechtel@test.de,0178-7331451,67316,Germany,Rheinland-Pfalz,Bad Dürkheim,Kirchheim an der Weinstraße,67316 Carlsberg,MDK Helferpool,Fahrzeug zur Verfügung
"Ministerium für Soziales, Arbeit, Gesundheit und Demographie",volunteer,,Assil,Krupp,Altenpfleger(in),1967-07-22,assil.krupp@testmail.com,0178-7812258,67361,Germany,Rheinland-Pfalz,Germersheim,Freisbach,67361 Freisbach,Lehrer,Fahrzeug zur Verfügung
"Ministerium für Soziales, Arbeit, Gesundheit und Demographie",volunteer,,Garfield,Rieder,Rettungsassistent(in),1998-07-28,garfield.rieder@example.com,0157-2653784,53533,Germany,Rheinland-Pfalz,Ahrweiler,Ohlenhard,"53533 Antweiler, Aremberg, Dorsel, Eichenbach, Aremberg, Fuchshofen und Müsch",Studierende,"Fahrzeug zur Verfügung,Computer & Internet"
MDK Rheinland-Pfalz,volunteer,M,Sōren,Stich,Arzt/Ärztin,1992-02-17,soren.stich@test.de,0157-5181468,67701,Germany,Rheinland-Pfalz,Kaiserslautern,Heiligenmoschel,67701 Schallodenbach,MDK Helferpool,Fahrzeug zur Verfügung
MDK Rheinland-Pfalz,volunteer,F,Josephine,Hemmer,Arzt/Ärztin,1956-08-12,josephine.hemmer@testmail.com,0157-5673444,66919,Germany,Rheinland-Pfalz,Kaiserslautern,Gerhardsbrunn,66919 Obernheim-Kirchenarnbach u.a.,MDK Helferpool,Computer & Internet
"Ministerium für Soziales, Arbeit, Gesundheit und Demographie",volunteer,,Mithat,Klocke,Krankenpfleger(in),1995-09-13,mithat.klocke@example.com,0177-3008387,56283,Germany,Rheinland-Pfalz,Mayen-Koblenz,Nörtershausen,"56283 Wildenbungert, Gondershausen, Nörtershausen u.a.",Landesbedienstete,Fahrzeug zur Verfügung
MDK Rheinland-Pfalz,volunteer,,Lewan,Kappes,Arzt/Ärztin,1982-04-09,lewan.kappes@test.de,0177-0734006,54597,Germany,Rheinland-Pfalz,Eifelkreis Bitburg-Prüm,Heilenbach,54597 Pronsfeld,MDK Helferpool,"Fahrzeug zur Verfügung,Computer & Internet"
MDK Rheinland-Pfalz,volunteer,,Delali,Spitz,Arzt/Ärztin,1993-03-26,delali.spitz@example.com,0177-3284733,56290,Germany,Rheinland-Pfalz,Rhein-Hunsrück-Kreis,Korweiler,56290 Beltheim,MDK Helferpool,Computer & Internet
"Ministerium für Soziales, Arbeit, Gesundheit und Demographie",volunteer,,Eyan,Hauke,Altenpfleger(in),1999-05-05,eyan.hauke@testmail.com,0160-3087505,54518,Germany,Rheinland-Pfalz,Bernkastel-Wittlich,Maring-Noviand,"54518 Niersbach, Sehlem, Plein u.a.",Lehrer,Fahrzeug zur Verfügung
MDK Rheinland-Pfalz,volunteer,,Jaime,Joachim,Arzt/Ärztin,1977-05-08,jaime.joachim@testmail.com,0160-0723801,56377,Germany,Rheinland-Pfalz,Rhein-Lahn-Kreis,Hömberg,56377 Nassau,MDK Helferpool,"Fahrzeug zur Verfügung,Computer & Internet"
"Ministerium für Soziales, Arbeit, Gesundheit und Demographie",volunteer,,Deyan,Hillmann,Altenpfleger(in),1969-06-07,deyan.hillmann@test.de,0157-5007561,57539,Germany,Rheinland-Pfalz,Altenkirchen (Westerwald),Hilgenroth,57539 Fürthen,Lehrer,Fahrzeug zur Verfügung
"Ministerium für Soziales, Arbeit, Gesundheit und Demographie",volunteer,F,Aleksandarova,Wilms,Altenpfleger(in),1953-04-14,aleksandarova.wilms@example.com,0151-2761460,53949,Germany,Rheinland-Pfalz,Vulkaneifel,Hallschlag,53949 Dahlem,Lehrer,Fahrzeug zur Verfügung
MDK Rheinland-Pfalz,volunteer,,Malena,Hentschel,Arzt/Ärztin,1975-01-18,malena.hentschel@test.de,0160-7333671,56459,Germany,Rheinland-Pfalz,Westerwaldkreis,Rothenbach,"56459 Bellingen, Kölbingen, Gemünden u.a.",MDK Helferpool,"Fahrzeug zur Verfügung,Computer & Internet"
MDK Rheinland-Pfalz,volunteer,,Dhurata,Schätzle,Arzt/Ärztin,1962-09-10,dhurata.schaetzle@testmail.com,0177-4712506,56459,Germany,Rheinland-Pfalz,Westerwaldkreis,Dreisbach,"56459 Bellingen, Kölbingen, Gemünden u.a.",MDK Helferpool,Computer & Internet
"Ministerium für Soziales, Arbeit, Gesundheit und Demographie",volunteer,,Sol,Sattler,Rettungsassistent(in),1972-04-02,sol.sattler@example.com,0157-8256147,56348,Germany,Rheinland-Pfalz,Rhein-Lahn-Kreis,Kaub,"56348 Bornich, Patersberg",Studierende,Computer & Internet
MDK Rheinland-Pfalz,volunteer,,Batuhan,Nebel,Arzt/Ärztin,1976-08-21,batuhan.nebel@testmail.com,0177-7841282,64560,Germany,Rheinland-Pfalz,Mainz-Bingen,Dienheim,64560 Riedstadt,MDK Helferpool,Computer & Internet
"Ministerium für Soziales, Arbeit, Gesundheit und Demographie",volunteer,F,Christa,Rehm,Krankenpfleger(in),1975-02-13,christa.rehm@example.com,0151-0602134,56244,Germany,Rheinland-Pfalz,Westerwaldkreis,Steinebach an der Wied,"56244 Freilingen, Freirachdorf u.a.",Landesbedienstete,Fahrzeug zur Verfügung
MDK Rheinland-Pfalz,volunteer,,Ikram,Faust,Arzt/Ärztin,1981-05-17,ikram.faust@example.com,0178-3783877,56581,Germany,Rheinland-Pfalz,Neuwied,Kurtscheid,56581 Melsbach,MDK Helferpool,"Fahrzeug zur Verfügung,Computer & Internet"
MDK Rheinland-Pfalz,volunteer,F,Civana,Maas,Arzt/Ärztin,1958-05-02,civana.maas@test.de,0151-0683476,55483,Germany,Rheinland-Pfalz,Bad Kreuznach,Kellenbach,55483 Dickenschied u.a.,MDK Helferpool,Fahrzeug zur Verfügung
MDK Rheinland-Pfalz,volunteer,,Nico,Bohlmann,Arzt/Ärztin,1996-05-08,nico.bohlmann@example.com,0160-1505640,54570,Germany,Rheinland-Pfalz,Vulkaneifel,Bleckhausen,"54570 Pelm, Neroth u.a.",MDK Helferpool,"Fahrzeug zur Verfügung,Computer & Internet"
MDK Rheinland-Pfalz,volunteer,F,Emina,Seidl,Arzt/Ärztin,1967-05-09,emina.seidl@test.de,0178-0135317,63679,Germany,Rheinland-Pfalz,Rhein-Hunsrück-Kreis,Laubach,63679 Schotten,MDK Helferpool,Fahrzeug zur Verfügung
MDK Rheinland-Pfalz,volunteer,,Ylvi,Uhlmann,Arzt/Ärztin,1955-05-18,ylvi.uhlmann@test.de,0160-8261181,67824,Germany,Rheinland-Pfalz,Bad Kreuznach,Altenbamberg,67824 Feilbingert,MDK Helferpool,Fahrzeug zur Verfügung
"Ministerium für Soziales, Arbeit, Gesundheit und Demographie",volunteer,,Mohammad,Barz,Arzt/Ärztin,1951-05-15,mohammad.barz@testmail.com,0177-1362764,66904,Germany,Rheinland-Pfalz,Kusel,Steinbach am Glan,66904 Brücken (Pfalz),MSAGD Freiwillige,"Fahrzeug zur Verfügung,Computer & Internet"
MDK Rheinland-Pfalz,volunteer,,Isin,Lietz,Arzt/Ärztin,1989-05-16,isin.lietz@test.de,0178-5858634,53520,Germany,Rheinland-Pfalz,Mayen-Koblenz,Lind,"53520 Reifferscheid, Kaltenborn, Wershofen u.a.",MDK Helferpool,"Fahrzeug zur Verfügung,Computer & Internet"
