"Organisation","Branch","Type","Sex","First Name","Middle Name","Last Name","Email","Home Phone","Office Phone","Mobile Phone","Home Address","Home Postcode","Home Country","Home L1","Home L2","Home L3","Home L4","Home Lat","Home Lon","Start Date","Membership Fee","Date Paid","Lists"
"Timor-Leste Red Cross Society",,"Active","Ms.","Jack",,"Martins","jack.martins@redcross.tl","+670 6166-3916",,,,,,,,,,,,"2010-01-02",10,"2011-01-02",
"Timor-Leste Red Cross Society",,"Active","Ms.","Margarida",,"Martins","margarida.martins@redcross.tl","+670 6166-3916",,,,,,,,,,,,"2010-01-02",10,"2012-01-03",
"Timor-Leste Red Cross Society",,"Active","Mr.","Natalino",,"Amaral","natalino.amaral@yahoo.com","+(670) 2906-8755",,,"Tasqolo",,"TL","Bobonaro","Bobonaro","Lour",,-9.06795,125.35758,"2011-03-04",10,"2011-05-04",
"Timor-Leste Red Cross Society",,"Subscribing","Ms.","Isabel",,"Zacarias","isabel.zacarias@hotmail.com","+(670) 6276-9280",,,"Couguira",,"TL","Baucau","Laga","Tequino Mata",,-8.49722,126.60278,"2010-05-06",10,"2012-01-02",
"Timor-Leste Red Cross Society",,"Honorary","Ms.","Beatriz",,"Albuquequer","beatriz.albuquequer@gmail.com","+(670) 4639-3551",,,"Hedamea",,"TL","Ermera","Hatolia","Hatolia",,-8.82409,125.32266,"2012-02-01",10,"2012-02-02",
"Timor-Leste Red Cross Society",,"Youth","Mr.","Marcelino",,"Otilia","marcelino.otilia@yahoo.com","+(670) 6004-8196",,,"Mautobalau",,"TL","Aileu","Aileu Vila","Seloi Craic",,-8.71296,125.48791,"2012-04-05",10,,
"Australian Red Cross","Victoria","Normal","Mr.","James",,"Mason","james.mason@gmail.com",,,,,,"AU",,,,,,,,,,
