L2,L3,L3 KV:PSGC
Abra,Bangued,140101000
Abra,Boliney,140102000
Abra,Bucay,140103000
Abra,Bucloc,140104000
Abra,Daguioman,140105000
Abra,Danglas,140106000
Abra,Dolores,140107000
Abra,La Paz,140108000
Abra,Lacub,140109000
Abra,Lagangilang,140110000
Abra,Lagayan,140111000
Abra,Langiden,140112000
Abra,Licuan-Baay,140113000
Abra,Luba,140114000
Abra,Malibcong,140115000
Abra,Manabo,140116000
Abra,Peñarrubia,140117000
Abra,Pidigan,140118000
Abra,Pilar,140119000
Abra,Sallapadan,140120000
Abra,San Isidro,140121000
Abra,San Juan,140122000
Abra,San Quintin,140123000
Abra,Tayum,140124000
Abra,Tineg,140125000
Abra,Tubo,140126000
Abra,Villaviciosa,140127000
Agusan del Norte,Buenavista,160201000
Agusan del Norte,Butuan City,160202000
Agusan del Norte,Carmen,160204000
Agusan del Norte,City Of Cabadbaran,160203000
Agusan del Norte,Jabonga,160205000
Agusan del Norte,Kitcharao,160206000
Agusan del Norte,Las Nieves,160207000
Agusan del Norte,Magallanes,160208000
Agusan del Norte,Nasipit,160209000
Agusan del Norte,Remedios T. Romualdez,160212000
Agusan del Norte,Santiago,160210000
Agusan del Norte,Tubay,160211000
Agusan del Sur,Bunawan,160302000
Agusan del Sur,City Of Bayugan,160301000
Agusan del Sur,Esperanza,160303000
Agusan del Sur,La Paz,160304000
Agusan del Sur,Loreto,160305000
Agusan del Sur,Prosperidad,160306000
Agusan del Sur,Rosario,160307000
Agusan del Sur,San Francisco,160308000
Agusan del Sur,San Luis,160309000
Agusan del Sur,Santa Josefa,160310000
Agusan del Sur,Sibagat,160314000
Agusan del Sur,Talacogon,160311000
Agusan del Sur,Trento,160312000
Agusan del Sur,Veruela,160313000
Aklan,Altavas,60401000
Aklan,Balete,60402000
Aklan,Banga,60403000
Aklan,Batan,60404000
Aklan,Buruanga,60405000
Aklan,Ibajay,60406000
Aklan,Kalibo,60407000
Aklan,Lezo,60408000
Aklan,Libacao,60409000
Aklan,Madalag,60410000
Aklan,Makato,60411000
Aklan,Malay,60412000
Aklan,Malinao,60413000
Aklan,Nabas,60414000
Aklan,New Washington,60415000
Aklan,Numancia,60416000
Aklan,Tangalan,60417000
Albay,Bacacay,50501000
Albay,Camalig,50502000
Albay,City Of Ligao,50508000
Albay,City Of Tabaco,50517000
Albay,Daraga,50503000
Albay,Guinobatan,50504000
Albay,Jovellar,50505000
Albay,Legazpi City,50506000
Albay,Libon,50507000
Albay,Malilipot,50509000
Albay,Malinao,50510000
Albay,Manito,50511000
Albay,Oas,50512000
Albay,Pio Duran,50513000
Albay,Polangui,50514000
Albay,Rapu-Rapu,50515000
Albay,Santo Domingo,50516000
Albay,Tiwi,50518000
Antique,Anini-Y,60601000
Antique,Barbaza,60602000
Antique,Belison,60603000
Antique,Bugasong,60604000
Antique,Caluya,60605000
Antique,Culasi,60606000
Antique,Hamtic,60608000
Antique,Laua-An,60609000
Antique,Libertad,60610000
Antique,Pandan,60611000
Antique,Patnongon,60612000
Antique,San Jose,60613000
Antique,San Remigio,60614000
Antique,Sebaste,60615000
Antique,Sibalom,60616000
Antique,Tibiao,60617000
Antique,Tobias Fornier,60607000
Antique,Valderrama,60618000
Apayao,Calanasan,148101000
Apayao,Conner,148102000
Apayao,Flora,148103000
Apayao,Kabugao,148104000
Apayao,Luna,148105000
Apayao,Pudtol,148106000
Apayao,Santa Marcela,148107000
Aurora,Baler,37701000
Aurora,Casiguran,37702000
Aurora,Dilasag,37703000
Aurora,Dinalungan,37704000
Aurora,Dingalan,37705000
Aurora,Dipaculao,37706000
Aurora,Maria Aurora,37707000
Aurora,San Luis,37708000
Basilan,Akbar,150708000
Basilan,Al-Barka,150709000
Basilan,Lamitan City,150702000
Basilan,Hadji Mohammad Ajul,150710000
Basilan,Hadji Muhtamad,150712000
Basilan,Lantawan,150703000
Basilan,Maluso,150704000
Basilan,Sumisip,150705000
Basilan,Tipo-Tipo,150706000
Basilan,Tuburan,150707000
Basilan,Ungkaya Pukan,150711000
Bataan,Abucay,30801000
Bataan,Bagac,30802000
Bataan,Balanga City,30803000
Bataan,Dinalupihan,30804000
Bataan,Hermosa,30805000
Bataan,Limay,30806000
Bataan,Mariveles,30807000
Bataan,Morong,30808000
Bataan,Orani,30809000
Bataan,Orion,30810000
Bataan,Pilar,30811000
Bataan,Samal,30812000
Batanes,Basco,20901000
Batanes,Itbayat,20902000
Batanes,Ivana,20903000
Batanes,Mahatao,20904000
Batanes,Sabtang,20905000
Batanes,Uyugan,20906000
Batangas,Agoncillo,41001000
Batangas,Alitagtag,41002000
Batangas,Balayan,41003000
Batangas,Balete,41004000
Batangas,Batangas City,41005000
Batangas,Bauan,41006000
Batangas,Calaca,41007000
Batangas,Calatagan,41008000
Batangas,City Of Tanauan,41031000
Batangas,Cuenca,41009000
Batangas,Ibaan,41010000
Batangas,Laurel,41011000
Batangas,Lemery,41012000
Batangas,Lian,41013000
Batangas,Lipa City,41014000
Batangas,Lobo,41015000
Batangas,Mabini,41016000
Batangas,Malvar,41017000
Batangas,Mataas Na Kahoy,41018000
Batangas,Nasugbu,41019000
Batangas,Padre Garcia,41020000
Batangas,Rosario,41021000
Batangas,San Jose,41022000
Batangas,San Juan,41023000
Batangas,San Luis,41024000
Batangas,San Nicolas,41025000
Batangas,San Pascual,41026000
Batangas,Santa Teresita,41027000
Batangas,Santo Tomas,41028000
Batangas,Taal,41029000
Batangas,Talisay,41030000
Batangas,Taysan,41032000
Batangas,Tingloy,41033000
Batangas,Tuy,41034000
Benguet,Atok,141101000
Benguet,Baguio City,141102000
Benguet,Bakun,141103000
Benguet,Bokod,141104000
Benguet,Buguias,141105000
Benguet,Itogon,141106000
Benguet,Kabayan,141107000
Benguet,Kapangan,141108000
Benguet,Kibungan,141109000
Benguet,La Trinidad,141110000
Benguet,Mankayan,141111000
Benguet,Sablan,141112000
Benguet,Tuba,141113000
Benguet,Tublay,141114000
Biliran,Almeria,87801000
Biliran,Biliran,87802000
Biliran,Cabucgayan,87803000
Biliran,Caibiran,87804000
Biliran,Culaba,87805000
Biliran,Kawayan,87806000
Biliran,Maripipi,87807000
Biliran,Naval,87808000
Bohol,Alburquerque,71201000
Bohol,Alicia,71202000
Bohol,Anda,71203000
Bohol,Antequera,71204000
Bohol,Baclayon,71205000
Bohol,Balilihan,71206000
Bohol,Batuan,71207000
Bohol,Bien Unido,71248000
Bohol,Bilar,71208000
Bohol,Buenavista,71209000
Bohol,Calape,71210000
Bohol,Candijay,71211000
Bohol,Carmen,71212000
Bohol,Catigbian,71213000
Bohol,Clarin,71214000
Bohol,Corella,71215000
Bohol,Cortes,71216000
Bohol,Dagohoy,71217000
Bohol,Danao,71218000
Bohol,Dauis,71219000
Bohol,Dimiao,71220000
Bohol,Duero,71221000
Bohol,Garcia Hernandez,71222000
Bohol,Guindulman,71223000
Bohol,Inabanga,71224000
Bohol,Jagna,71225000
Bohol,Jetafe,71226000
Bohol,Lila,71227000
Bohol,Loay,71228000
Bohol,Loboc,71229000
Bohol,Loon,71230000
Bohol,Mabini,71231000
Bohol,Maribojoc,71232000
Bohol,Panglao,71233000
Bohol,Pilar,71234000
Bohol,Pres. Carlos P. Garcia,71235000
Bohol,Sagbayan,71236000
Bohol,San Isidro,71237000
Bohol,San Miguel,71238000
Bohol,Sevilla,71239000
Bohol,Sierra Bullones,71240000
Bohol,Sikatuna,71241000
Bohol,Tagbilaran City,71242000
Bohol,Talibon,71243000
Bohol,Trinidad,71244000
Bohol,Tubigon,71245000
Bohol,Ubay,71246000
Bohol,Valencia,71247000
Bukidnon,Baungon,101301000
Bukidnon,Cabanglasan,101322000
Bukidnon,City Of Malaybalay,101312000
Bukidnon,City Of Valencia,101321000
Bukidnon,Damulog,101302000
Bukidnon,Dangcagan,101303000
Bukidnon,Don Carlos,101304000
Bukidnon,Impasug-Ong,101305000
Bukidnon,Kadingilan,101306000
Bukidnon,Kalilangan,101307000
Bukidnon,Kibawe,101308000
Bukidnon,Kitaotao,101309000
Bukidnon,Lantapan,101310000
Bukidnon,Libona,101311000
Bukidnon,Malitbog,101313000
Bukidnon,Manolo Fortich,101314000
Bukidnon,Maramag,101315000
Bukidnon,Pangantucan,101316000
Bukidnon,Quezon,101317000
Bukidnon,San Fernando,101318000
Bukidnon,Sumilao,101319000
Bukidnon,Talakag,101320000
Bulacan,Angat,31401000
Bulacan,Balagtas,31402000
Bulacan,Baliuag,31403000
Bulacan,Bocaue,31404000
Bulacan,Bulacan,31405000
Bulacan,Bustos,31406000
Bulacan,Calumpit,31407000
Bulacan,City Of Malolos,31410000
Bulacan,City Of Meycauayan,31412000
Bulacan,City Of San Jose Del Monte,31420000
Bulacan,Doña Remedios Trinidad,31424000
Bulacan,Guiguinto,31408000
Bulacan,Hagonoy,31409000
Bulacan,Marilao,31411000
Bulacan,Norzagaray,31413000
Bulacan,Obando,31414000
Bulacan,Pandi,31415000
Bulacan,Paombong,31416000
Bulacan,Plaridel,31417000
Bulacan,Pulilan,31418000
Bulacan,San Ildefonso,31419000
Bulacan,San Miguel,31421000
Bulacan,San Rafael,31422000
Bulacan,Santa Maria,31423000
Cagayan,Abulug,21501000
Cagayan,Alcala,21502000
Cagayan,Allacapan,21503000
Cagayan,Amulung,21504000
Cagayan,Aparri,21505000
Cagayan,Baggao,21506000
Cagayan,Ballesteros,21507000
Cagayan,Buguey,21508000
Cagayan,Calayan,21509000
Cagayan,Camalaniugan,21510000
Cagayan,Claveria,21511000
Cagayan,Enrile,21512000
Cagayan,Gattaran,21513000
Cagayan,Gonzaga,21514000
Cagayan,Iguig,21515000
Cagayan,Lal-Lo,21516000
Cagayan,Lasam,21517000
Cagayan,Pamplona,21518000
Cagayan,Peñablanca,21519000
Cagayan,Piat,21520000
Cagayan,Rizal,21521000
Cagayan,Sanchez-Mira,21522000
Cagayan,Santa Ana,21523000
Cagayan,Santa Praxedes,21524000
Cagayan,Santa Teresita,21525000
Cagayan,Santo Niño (Faire),21526000
Cagayan,Solana,21527000
Cagayan,Tuao,21528000
Cagayan,Tuguegarao City,21529000
Camarines Norte,Basud,51601000
Camarines Norte,Capalonga,51602000
Camarines Norte,Daet,51603000
Camarines Norte,Jose Panganiban,51605000
Camarines Norte,Labo,51606000
Camarines Norte,Mercedes,51607000
Camarines Norte,Paracale,51608000
Camarines Norte,San Lorenzo Ruiz (Imelda),51604000
Camarines Norte,San Vicente,51609000
Camarines Norte,Santa Elena,51610000
Camarines Norte,Talisay,51611000
Camarines Norte,Vinzons,51612000
Camarines Sur,Baao,51701000
Camarines Sur,Balatan,51702000
Camarines Sur,Bato,51703000
Camarines Sur,Bombon,51704000
Camarines Sur,Buhi,51705000
Camarines Sur,Bula,51706000
Camarines Sur,Cabusao,51707000
Camarines Sur,Calabanga,51708000
Camarines Sur,Camaligan,51709000
Camarines Sur,Canaman,51710000
Camarines Sur,Caramoan,51711000
Camarines Sur,Del Gallego,51712000
Camarines Sur,Gainza,51713000
Camarines Sur,Garchitorena,51714000
Camarines Sur,Goa,51715000
Camarines Sur,Iriga City,51716000
Camarines Sur,Lagonoy,51717000
Camarines Sur,Libmanan,51718000
Camarines Sur,Lupi,51719000
Camarines Sur,Magarao,51720000
Camarines Sur,Milaor,51721000
Camarines Sur,Minalabac,51722000
Camarines Sur,Nabua,51723000
Camarines Sur,Naga City,51724000
Camarines Sur,Ocampo,51725000
Camarines Sur,Pamplona,51726000
Camarines Sur,Pasacao,51727000
Camarines Sur,Pili,51728000
Camarines Sur,Presentacion (Parubcan),51729000
Camarines Sur,Ragay,51730000
Camarines Sur,Sagñay,51731000
Camarines Sur,San Fernando,51732000
Camarines Sur,San Jose,51733000
Camarines Sur,Sipocot,51734000
Camarines Sur,Siruma,51735000
Camarines Sur,Tigaon,51736000
Camarines Sur,Tinambac,51737000
Camiguin,Catarman,101801000
Camiguin,Guinsiliban,101802000
Camiguin,Mahinog,101803000
Camiguin,Mambajao,101804000
Camiguin,Sagay,101805000
Capiz,Cuartero,61901000
Capiz,Dao,61902000
Capiz,Dumalag,61903000
Capiz,Dumarao,61904000
Capiz,Ivisan,61905000
Capiz,Jamindan,61906000
Capiz,Ma-Ayon,61907000
Capiz,Mambusao,61908000
Capiz,Panay,61909000
Capiz,Panitan,61910000
Capiz,Pilar,61911000
Capiz,Pontevedra,61912000
Capiz,President Roxas,61913000
Capiz,Roxas City,61914000
Capiz,Sapi-An,61915000
Capiz,Sigma,61916000
Capiz,Tapaz,61917000
Catanduanes,Bagamanoc,52001000
Catanduanes,Baras,52002000
Catanduanes,Bato,52003000
Catanduanes,Caramoran,52004000
Catanduanes,Gigmoto,52005000
Catanduanes,Pandan,52006000
Catanduanes,Panganiban (Payo),52007000
Catanduanes,San Andres (Calolbon),52008000
Catanduanes,San Miguel,52009000
Catanduanes,Viga,52010000
Catanduanes,Virac,52011000
Cavite,Alfonso,42101000
Cavite,Amadeo,42102000
Cavite,Bacoor,42103000
Cavite,Carmona,42104000
Cavite,Cavite City,42105000
Cavite,Dasmariñas,42106000
Cavite,Gen. Mariano Alvarez,42123000
Cavite,General Emilio Aguinaldo,42107000
Cavite,General Trias,42108000
Cavite,Imus,42109000
Cavite,Indang,42110000
Cavite,Kawit,42111000
Cavite,Magallanes,42112000
Cavite,Maragondon,42113000
Cavite,Mendez (Mendez-Nuñez),42114000
Cavite,Naic,42115000
Cavite,Noveleta,42116000
Cavite,Rosario,42117000
Cavite,Silang,42118000
Cavite,Tagaytay City,42119000
Cavite,Tanza,42120000
Cavite,Ternate,42121000
Cavite,Trece Martires City,42122000
Cebu,Alcantara,72201000
Cebu,Alcoy,72202000
Cebu,Alegria,72203000
Cebu,Aloguinsan,72204000
Cebu,Argao,72205000
Cebu,Asturias,72206000
Cebu,Badian,72207000
Cebu,Balamban,72208000
Cebu,Bantayan,72209000
Cebu,Barili,72210000
Cebu,Boljoon,72212000
Cebu,Borbon,72213000
Cebu,Carmen,72215000
Cebu,Catmon,72216000
Cebu,Cebu City,72217000
Cebu,City Of Bogo,72211000
Cebu,City Of Carcar,72214000
Cebu,City Of Naga,72234000
Cebu,City Of Talisay,72250000
Cebu,Compostela,72218000
Cebu,Consolacion,72219000
Cebu,Cordoba,72220000
Cebu,Daanbantayan,72221000
Cebu,Dalaguete,72222000
Cebu,Danao City,72223000
Cebu,Dumanjug,72224000
Cebu,Ginatilan,72225000
Cebu,Lapu-Lapu City (Opon),72226000
Cebu,Liloan,72227000
Cebu,Madridejos,72228000
Cebu,Malabuyoc,72229000
Cebu,Mandaue City,72230000
Cebu,Medellin,72231000
Cebu,Minglanilla,72232000
Cebu,Moalboal,72233000
Cebu,Oslob,72235000
Cebu,Pilar,72236000
Cebu,Pinamungahan,72237000
Cebu,Poro,72238000
Cebu,Ronda,72239000
Cebu,Samboan,72240000
Cebu,San Fernando,72241000
Cebu,San Francisco,72242000
Cebu,San Remigio,72243000
Cebu,Santa Fe,72244000
Cebu,Santander,72245000
Cebu,Sibonga,72246000
Cebu,Sogod,72247000
Cebu,Tabogon,72248000
Cebu,Tabuelan,72249000
Cebu,Toledo City,72251000
Cebu,Tuburan,72252000
Cebu,Tudela,72253000
City of Isabela,City Of Isabela,99701000
Compostela Valley,Compostela,118201000
Compostela Valley,Laak (San Vicente),118202000
Compostela Valley,Mabini (Doña Alicia),118203000
Compostela Valley,Maco,118204000
Compostela Valley,Maragusan (San Mariano),118205000
Compostela Valley,Mawab,118206000
Compostela Valley,Monkayo,118207000
Compostela Valley,Montevista,118208000
Compostela Valley,Nabunturan,118209000
Compostela Valley,New Bataan,118210000
Compostela Valley,Pantukan,118211000
North Cotabato,Alamada,124701000
North Cotabato,Aleosan,124717000
North Cotabato,Antipas,124715000
North Cotabato,Arakan,124718000
North Cotabato,Banisilan,124716000
North Cotabato,Carmen,124702000
North Cotabato,City Of Kidapawan,124704000
North Cotabato,Kabacan,124703000
North Cotabato,Libungan,124705000
North Cotabato,M'Lang,124710000
North Cotabato,Magpet,124706000
North Cotabato,Makilala,124707000
North Cotabato,Matalam,124708000
North Cotabato,Midsayap,124709000
North Cotabato,Pigkawayan,124711000
North Cotabato,Pikit,124712000
North Cotabato,President Roxas,124713000
North Cotabato,Tulunan,124714000
Cotabato City,Cotabato City,129804000
Davao Oriental,Baganga,112501000
Davao Oriental,Banaybanay,112502000
Davao Oriental,Boston,112503000
Davao Oriental,Caraga,112504000
Davao Oriental,Cateel,112505000
Davao Oriental,City Of Mati,112509000
Davao Oriental,Governor Generoso,112506000
Davao Oriental,Lupon,112507000
Davao Oriental,Manay,112508000
Davao Oriental,San Isidro,112510000
Davao Oriental,Tarragona,112511000
Davao del Norte,Asuncion,112301000
Davao del Norte,Braulio E. Dujali,112323000
Davao del Norte,Carmen,112303000
Davao del Norte,City Of Panabo,112315000
Davao del Norte,City Of Tagum,112319000
Davao del Norte,Island Garden City Of Samal,112317000
Davao del Norte,Kapalong,112305000
Davao del Norte,New Corella,112314000
Davao del Norte,San Isidro,112324000
Davao del Norte,Santo Tomas,112318000
Davao del Norte,Talaingod,112322000
Davao del Sur,Bansalan,112401000
Davao del Sur,City Of Digos,112403000
Davao del Sur,Davao City,112402000
Davao del Sur,Don Marcelino,112416000
Davao del Sur,Hagonoy,112404000
Davao del Sur,Jose Abad Santos (Trinidad),112405000
Davao del Sur,Kiblawan,112406000
Davao del Sur,Magsaysay,112407000
Davao del Sur,Malalag,112408000
Davao del Sur,Malita,112409000
Davao del Sur,Matanao,112410000
Davao del Sur,Padada,112411000
Davao del Sur,Santa Cruz,112412000
Davao del Sur,Santa Maria,112413000
Davao del Sur,Sarangani,112415000
Davao del Sur,Sulop,112414000
Dinagat Islands,Basilisa (Rizal),168501000
Dinagat Islands,Cagdianao,168502000
Dinagat Islands,Dinagat,168503000
Dinagat Islands,Libjo (Albor),168504000
Dinagat Islands,Loreto,168505000
Dinagat Islands,San Jose,168506000
Dinagat Islands,Tubajon,168507000
Eastern Samar,Arteche,82601000
Eastern Samar,Balangiga,82602000
Eastern Samar,Balangkayan,82603000
Eastern Samar,Can-Avid,82605000
Eastern Samar,City Of Borongan,82604000
Eastern Samar,Dolores,82606000
Eastern Samar,General Macarthur,82607000
Eastern Samar,Giporlos,82608000
Eastern Samar,Guiuan,82609000
Eastern Samar,Hernani,82610000
Eastern Samar,Jipapad,82611000
Eastern Samar,Lawaan,82612000
Eastern Samar,Llorente,82613000
Eastern Samar,Maslog,82614000
Eastern Samar,Maydolong,82615000
Eastern Samar,Mercedes,82616000
Eastern Samar,Oras,82617000
Eastern Samar,Quinapondan,82618000
Eastern Samar,Salcedo,82619000
Eastern Samar,San Julian,82620000
Eastern Samar,San Policarpo,82621000
Eastern Samar,Sulat,82622000
Eastern Samar,Taft,82623000
Guimaras,Buenavista,67901000
Guimaras,Jordan,67902000
Guimaras,Nueva Valencia,67903000
Guimaras,San Lorenzo,67904000
Guimaras,Sibunag,67905000
Ifugao,Aguinaldo,142708000
Ifugao,Alfonso Lista,142707000
Ifugao,Asipulo,142711000
Ifugao,Banaue,142701000
Ifugao,Hingyon,142709000
Ifugao,Hungduan,142702000
Ifugao,Kiangan,142703000
Ifugao,Lagawe,142704000
Ifugao,Lamut,142705000
Ifugao,Mayoyao,142706000
Ifugao,Tinoc,142710000
Ilocos Norte,Adams,12801000
Ilocos Norte,Bacarra,12802000
Ilocos Norte,Badoc,12803000
Ilocos Norte,Bangui,12804000
Ilocos Norte,Banna (Espiritu),12811000
Ilocos Norte,Burgos,12806000
Ilocos Norte,Carasi,12807000
Ilocos Norte,City of Batac,12805000
Ilocos Norte,Currimao,12808000
Ilocos Norte,Dingras,12809000
Ilocos Norte,Dumalneg,12810000
Ilocos Norte,Laoag City,12812000
Ilocos Norte,Marcos,12813000
Ilocos Norte,Nueva Era,12814000
Ilocos Norte,Pagudpud,12815000
Ilocos Norte,Paoay,12816000
Ilocos Norte,Pasuquin,12817000
Ilocos Norte,Piddig,12818000
Ilocos Norte,Pinili,12819000
Ilocos Norte,San Nicolas,12820000
Ilocos Norte,Sarrat,12821000
Ilocos Norte,Solsona,12822000
Ilocos Norte,Vintar,12823000
Ilocos Sur,Alilem,12901000
Ilocos Sur,Banayoyo,12902000
Ilocos Sur,Bantay,12903000
Ilocos Sur,Burgos,12904000
Ilocos Sur,Cabugao,12905000
Ilocos Sur,Caoayan,12907000
Ilocos Sur,Cervantes,12908000
Ilocos Sur,City Of Candon,12906000
Ilocos Sur,City Of Vigan,12934000
Ilocos Sur,Galimuyod,12909000
Ilocos Sur,Gregorio Del Pilar (Concepcion),12910000
Ilocos Sur,Lidlidda,12911000
Ilocos Sur,Magsingal,12912000
Ilocos Sur,Nagbukel,12913000
Ilocos Sur,Narvacan,12914000
Ilocos Sur,Quirino (Angkaki),12915000
Ilocos Sur,Salcedo (Baugen),12916000
Ilocos Sur,San Emilio,12917000
Ilocos Sur,San Esteban,12918000
Ilocos Sur,San Ildefonso,12919000
Ilocos Sur,San Juan (Lapog),12920000
Ilocos Sur,San Vicente,12921000
Ilocos Sur,Santa Catalina,12923000
Ilocos Sur,Santa Cruz,12924000
Ilocos Sur,Santa Lucia,12925000
Ilocos Sur,Santa Maria,12926000
Ilocos Sur,Santa,12922000
Ilocos Sur,Santiago,12927000
Ilocos Sur,Santo Domingo,12928000
Ilocos Sur,Sigay,12929000
Ilocos Sur,Sinait,12930000
Ilocos Sur,Sugpon,12931000
Ilocos Sur,Suyo,12932000
Ilocos Sur,Tagudin,12933000
Iloilo,Ajuy,63001000
Iloilo,Alimodian,63002000
Iloilo,Anilao,63003000
Iloilo,Badiangan,63004000
Iloilo,Balasan,63005000
Iloilo,Banate,63006000
Iloilo,Barotac Nuevo,63007000
Iloilo,Barotac Viejo,63008000
Iloilo,Batad,63009000
Iloilo,Bingawan,63010000
Iloilo,Cabatuan,63012000
Iloilo,Calinog,63013000
Iloilo,Carles,63014000
Iloilo,City Of Passi,63035000
Iloilo,Concepcion,63015000
Iloilo,Dingle,63016000
Iloilo,Dueñas,63017000
Iloilo,Dumangas,63018000
Iloilo,Estancia,63019000
Iloilo,Guimbal,63020000
Iloilo,Igbaras,63021000
Iloilo,Iloilo City,63022000
Iloilo,Janiuay,63023000
Iloilo,Lambunao,63025000
Iloilo,Leganes,63026000
Iloilo,Lemery,63027000
Iloilo,Leon,63028000
Iloilo,Maasin,63029000
Iloilo,Miagao,63030000
Iloilo,Mina,63031000
Iloilo,New Lucena,63032000
Iloilo,Oton,63034000
Iloilo,Pavia,63036000
Iloilo,Pototan,63037000
Iloilo,San Dionisio,63038000
Iloilo,San Enrique,63039000
Iloilo,San Joaquin,63040000
Iloilo,San Miguel,63041000
Iloilo,San Rafael,63042000
Iloilo,Santa Barbara,63043000
Iloilo,Sara,63044000
Iloilo,Tigbauan,63045000
Iloilo,Tubungan,63046000
Iloilo,Zarraga,63047000
Isabela,Alicia,23101000
Isabela,Angadanan,23102000
Isabela,Aurora,23103000
Isabela,Benito Soliven,23104000
Isabela,Burgos,23105000
Isabela,Cabagan,23106000
Isabela,Cabatuan,23107000
Isabela,City Of Cauayan,23108000
Isabela,City Of Santiago,23135000
Isabela,Cordon,23109000
Isabela,Delfin Albano (Magsaysay),23118000
Isabela,Dinapigue,23110000
Isabela,Divilacan,23111000
Isabela,Echague,23112000
Isabela,Gamu,23113000
Isabela,Ilagan,23114000
Isabela,Jones,23115000
Isabela,Luna,23116000
Isabela,Maconacon,23117000
Isabela,Mallig,23119000
Isabela,Naguilian,23120000
Isabela,Palanan,23121000
Isabela,Quezon,23122000
Isabela,Quirino,23123000
Isabela,Ramon,23124000
Isabela,Reina Mercedes,23125000
Isabela,Roxas,23126000
Isabela,San Agustin,23127000
Isabela,San Guillermo,23128000
Isabela,San Isidro,23129000
Isabela,San Manuel,23130000
Isabela,San Mariano,23131000
Isabela,San Mateo,23132000
Isabela,San Pablo,23133000
Isabela,Santa Maria,23134000
Isabela,Santo Tomas,23136000
Isabela,Tumauini,23137000
Kalinga,Balbalan,143201000
Kalinga,City Of Tabuk,143213000
Kalinga,Lubuagan,143206000
Kalinga,Pasil,143208000
Kalinga,Pinukpuk,143209000
Kalinga,Rizal (Liwan),143211000
Kalinga,Tanudan,143214000
Kalinga,Tinglayan,143215000
La Union,Agoo,13301000
La Union,Aringay,13302000
La Union,Bacnotan,13303000
La Union,Bagulin,13304000
La Union,Balaoan,13305000
La Union,Bangar,13306000
La Union,Bauang,13307000
La Union,Burgos,13308000
La Union,Caba,13309000
La Union,City Of San Fernando,13314000
La Union,Luna,13310000
La Union,Naguilian,13311000
La Union,Pugo,13312000
La Union,Rosario,13313000
La Union,San Gabriel,13315000
La Union,San Juan,13316000
La Union,Santo Tomas,13317000
La Union,Santol,13318000
La Union,Sudipen,13319000
La Union,Tubao,13320000
Laguna,Alaminos,43401000
Laguna,Bay,43402000
Laguna,Biñan,43403000
Laguna,Cabuyao,43404000
Laguna,Calauan,43406000
Laguna,Cavinti,43407000
Laguna,City Of Calamba,43405000
Laguna,City Of Santa Rosa,43428000
Laguna,Famy,43408000
Laguna,Kalayaan,43409000
Laguna,Liliw,43410000
Laguna,Los Baños,43411000
Laguna,Luisiana,43412000
Laguna,Lumban,43413000
Laguna,Mabitac,43414000
Laguna,Magdalena,43415000
Laguna,Majayjay,43416000
Laguna,Nagcarlan,43417000
Laguna,Paete,43418000
Laguna,Pagsanjan,43419000
Laguna,Pakil,43420000
Laguna,Pangil,43421000
Laguna,Pila,43422000
Laguna,Rizal,43423000
Laguna,San Pablo City,43424000
Laguna,San Pedro,43425000
Laguna,Santa Cruz,43426000
Laguna,Santa Maria,43427000
Laguna,Siniloan,43429000
Laguna,Victoria,43430000
Lanao del Norte,Bacolod,103501000
Lanao del Norte,Baloi,103502000
Lanao del Norte,Baroy,103503000
Lanao del Norte,Iligan City,103504000
Lanao del Norte,Kapatagan,103505000
Lanao del Norte,Kauswagan,103507000
Lanao del Norte,Kolambugan,103508000
Lanao del Norte,Lala,103509000
Lanao del Norte,Linamon,103510000
Lanao del Norte,Magsaysay,103511000
Lanao del Norte,Maigo,103512000
Lanao del Norte,Matungao,103513000
Lanao del Norte,Munai,103514000
Lanao del Norte,Nunungan,103515000
Lanao del Norte,Pantao Ragat,103516000
Lanao del Norte,Pantar,103523000
Lanao del Norte,Poona Piagapo,103517000
Lanao del Norte,Salvador,103518000
Lanao del Norte,Sapad,103519000
Lanao del Norte,Sultan Naga Dimaporo (Karomatan),103506000
Lanao del Norte,Tagoloan,103520000
Lanao del Norte,Tangcal,103521000
Lanao del Norte,Tubod,103522000
Lanao del Sur,Bacolod-Kalawi,153601000
Lanao del Sur,Balabagan,153602000
Lanao del Sur,Balindong,153603000
Lanao del Sur,Bayang,153604000
Lanao del Sur,Binidayan,153605000
Lanao del Sur,Buadiposo-Buntong,153633000
Lanao del Sur,Bubong,153606000
Lanao del Sur,Bumbaran,153637000
Lanao del Sur,Butig,153607000
Lanao del Sur,Calanogas,153632000
Lanao del Sur,Ditsaan-Ramain,153624000
Lanao del Sur,Ganassi,153609000
Lanao del Sur,Kapai,153610000
Lanao del Sur,Kapatagan,153639000
Lanao del Sur,Lumba-Bayabao (Maguing),153611000
Lanao del Sur,Lumbaca-Unayan,153641000
Lanao del Sur,Lumbatan,153612000
Lanao del Sur,Lumbayanague,153636000
Lanao del Sur,Madalum,153613000
Lanao del Sur,Madamba,153614000
Lanao del Sur,Maguing,153634000
Lanao del Sur,Malabang,153615000
Lanao del Sur,Marantao,153616000
Lanao del Sur,Marawi City,153617000
Lanao del Sur,Marogong,153631000
Lanao del Sur,Masiu,153618000
Lanao del Sur,Mulondo,153619000
Lanao del Sur,Pagayawan (Tatarikan),153620000
Lanao del Sur,Piagapo,153621000
Lanao del Sur,Picong (Sultan Gumander),153635000
Lanao del Sur,Poona Bayabao (Gata),153622000
Lanao del Sur,Pualas,153623000
Lanao del Sur,Saguiaran,153625000
Lanao del Sur,Sultan Dumalondong,153640000
Lanao del Sur,Tagoloan Ii,153638000
Lanao del Sur,Tamparan,153626000
Lanao del Sur,Taraka,153627000
Lanao del Sur,Tubaran,153628000
Lanao del Sur,Tugaya,153629000
Lanao del Sur,Wao,153630000
Leyte,Abuyog,83701000
Leyte,Alangalang,83702000
Leyte,Albuera,83703000
Leyte,Babatngon,83705000
Leyte,Barugo,83706000
Leyte,Bato,83707000
Leyte,Burauen,83710000
Leyte,Calubian,83713000
Leyte,Capoocan,83714000
Leyte,Carigara,83715000
Leyte,City Of Baybay,83708000
Leyte,Dagami,83717000
Leyte,Dulag,83718000
Leyte,Hilongos,83719000
Leyte,Hindang,83720000
Leyte,Inopacan,83721000
Leyte,Isabel,83722000
Leyte,Jaro,83723000
Leyte,Javier (Bugho),83724000
Leyte,Julita,83725000
Leyte,Kananga,83726000
Leyte,La Paz,83728000
Leyte,Leyte,83729000
Leyte,Macarthur,83730000
Leyte,Mahaplag,83731000
Leyte,Matag-Ob,83733000
Leyte,Matalom,83734000
Leyte,Mayorga,83735000
Leyte,Merida,83736000
Leyte,Ormoc City,83738000
Leyte,Palo,83739000
Leyte,Palompon,83740000
Leyte,Pastrana,83741000
Leyte,San Isidro,83742000
Leyte,San Miguel,83743000
Leyte,Santa Fe,83744000
Leyte,Tabango,83745000
Leyte,Tabontabon,83746000
Leyte,Tacloban City,83747000
Leyte,Tanauan,83748000
Leyte,Tolosa,83749000
Leyte,Tunga,83750000
Leyte,Villaba,83751000
Maguindanao,Ampatuan,153801000
Maguindanao,Buluan,153803000
Maguindanao,Datu Abdullah Sangki,153828000
Maguindanao,Datu Anggal Midtimbang,153831000
Maguindanao,Datu Paglas,153805000
Maguindanao,Datu Piang,153806000
Maguindanao,Datu Saudi-Ampatuan,153826000
Maguindanao,Datu Unsay,153827000
Maguindanao,Gen. S. K. Pendatun,153819000
Maguindanao,Guindulungan,153825000
Maguindanao,Mamasapano,153820000
Maguindanao,Mangudadatu,153832000
Maguindanao,Pagagawan,153822000
Maguindanao,Pagalungan,153810000
Maguindanao,Paglat,153823000
Maguindanao,Pandag,153833000
Maguindanao,Rajah Buayan,153829000
Maguindanao,Shariff Aguak (Maganoy),153808000
Maguindanao,South Upi,153817000
Maguindanao,Sultan Sa Barongis (Lambayong),153813000
Maguindanao,Talayan,153816000
Maguindanao,Talitay,153821000
Marinduque,Boac,174001000
Marinduque,Buenavista,174002000
Marinduque,Gasan,174003000
Marinduque,Mogpog,174004000
Marinduque,Santa Cruz,174005000
Marinduque,Torrijos,174006000
Masbate,Aroroy,54101000
Masbate,Baleno,54102000
Masbate,Balud,54103000
Masbate,Batuan,54104000
Masbate,Cataingan,54105000
Masbate,Cawayan,54106000
Masbate,City Of Masbate,54111000
Masbate,Claveria,54107000
Masbate,Dimasalang,54108000
Masbate,Esperanza,54109000
Masbate,Mandaon,54110000
Masbate,Milagros,54112000
Masbate,Mobo,54113000
Masbate,Monreal,54114000
Masbate,Palanas,54115000
Masbate,Pio V. Corpuz (Limbuhan),54116000
Masbate,Placer,54117000
Masbate,San Fernando,54118000
Masbate,San Jacinto,54119000
Masbate,San Pascual,54120000
Masbate,Uson,54121000
Misamis Occidental,Aloran,104201000
Misamis Occidental,Baliangao,104202000
Misamis Occidental,Bonifacio,104203000
Misamis Occidental,Calamba,104204000
Misamis Occidental,Clarin,104205000
Misamis Occidental,Concepcion,104206000
Misamis Occidental,Don Victoriano Chiongbian (Don Mariano Marcos),104217000
Misamis Occidental,Jimenez,104207000
Misamis Occidental,Lopez Jaena,104208000
Misamis Occidental,Oroquieta City,104209000
Misamis Occidental,Ozamis City,104210000
Misamis Occidental,Panaon,104211000
Misamis Occidental,Plaridel,104212000
Misamis Occidental,Sapang Dalaga,104213000
Misamis Occidental,Sinacaban,104214000
Misamis Occidental,Tangub City,104215000
Misamis Occidental,Tudela,104216000
Misamis Oriental,Alubijid,104301000
Misamis Oriental,Balingasag,104302000
Misamis Oriental,Balingoan,104303000
Misamis Oriental,Binuangan,104304000
Misamis Oriental,Cagayan de Oro City,104305000
Misamis Oriental,City Of El Salvador,104307000
Misamis Oriental,Claveria,104306000
Misamis Oriental,Gingoog City,104308000
Misamis Oriental,Gitagum,104309000
Misamis Oriental,Initao,104310000
Misamis Oriental,Jasaan,104311000
Misamis Oriental,Kinoguitan,104312000
Misamis Oriental,Lagonglong,104313000
Misamis Oriental,Laguindingan,104314000
Misamis Oriental,Libertad,104315000
Misamis Oriental,Lugait,104316000
Misamis Oriental,Magsaysay (Linugos),104317000
Misamis Oriental,Manticao,104318000
Misamis Oriental,Medina,104319000
Misamis Oriental,Naawan,104320000
Misamis Oriental,Opol,104321000
Misamis Oriental,Salay,104322000
Misamis Oriental,Sugbongcogon,104323000
Misamis Oriental,Tagoloan,104324000
Misamis Oriental,Talisayan,104325000
Misamis Oriental,Villanueva,104326000
Mountain Province,Barlig,144401000
Mountain Province,Bauko,144402000
Mountain Province,Besao,144403000
Mountain Province,Bontoc,144404000
Mountain Province,Natonin,144405000
Mountain Province,Paracelis,144406000
Mountain Province,Sabangan,144407000
Mountain Province,Sadanga,144408000
Mountain Province,Sagada,144409000
Mountain Province,Tadian,144410000
NCR First District,Binondo,133902000
NCR First District,Ermita,133908000
NCR First District,Intramuros,133909000
NCR First District,Malate,133910000
NCR First District,Paco,133911000
NCR First District,Pandacan,133912000
NCR First District,Port Area,133913000
NCR First District,Quiapo,133903000
NCR First District,Sampaloc,133906000
NCR First District,San Miguel,133907000
NCR First District,San Nicolas,133904000
NCR First District,Santa Ana,133914000
NCR First District,Santa Cruz,133905000
NCR First District,Tondo I / II,133901000
NCR Fourth District,Las Piñas,137601000
NCR Fourth District,Makati City,137602000
NCR Fourth District,Muntinlupa,137603000
NCR Fourth District,Parañaque,137604000
NCR Fourth District,Pasay City,137605000
NCR Fourth District,Pateros,137606000
NCR Fourth District,Taguig,137607000
NCR Second District,Mandaluyong,137401000
NCR Second District,Marikina,137402000
NCR Second District,Pasig City,137403000
NCR Second District,San Juan,137405000
NCR Second District,Quezon City,137404000
NCR Third District,Malabon,137502000
NCR Third District,Navotas,137503000
NCR Third District,Valenzuela,137504000
NCR Third District,Caloocan City,137501000
Negros Occidental,Bacolod City,64501000
Negros Occidental,Bago City,64502000
Negros Occidental,Binalbagan,64503000
Negros Occidental,Cadiz City,64504000
Negros Occidental,Calatrava,64505000
Negros Occidental,Candoni,64506000
Negros Occidental,Cauayan,64507000
Negros Occidental,City Of Escalante,64509000
Negros Occidental,City Of Himamaylan,64510000
Negros Occidental,City Of Kabankalan,64515000
Negros Occidental,City Of Sipalay,64527000
Negros Occidental,City Of Talisay,64528000
Negros Occidental,City Of Victorias,64531000
Negros Occidental,Enrique B. Magalona (Saravia),64508000
Negros Occidental,Hinigaran,64511000
Negros Occidental,Hinoba-An (Asia),64512000
Negros Occidental,Ilog,64513000
Negros Occidental,Isabela,64514000
Negros Occidental,La Carlota City,64516000
Negros Occidental,La Castellana,64517000
Negros Occidental,Manapla,64518000
Negros Occidental,Moises Padilla (Magallon),64519000
Negros Occidental,Murcia,64520000
Negros Occidental,Pontevedra,64521000
Negros Occidental,Pulupandan,64522000
Negros Occidental,Sagay City,64523000
Negros Occidental,Salvador Benedicto,64532000
Negros Occidental,San Carlos City,64524000
Negros Occidental,San Enrique,64525000
Negros Occidental,Silay City,64526000
Negros Occidental,Toboso,64529000
Negros Occidental,Valladolid,64530000
Negros Oriental,Amlan,74601000
Negros Oriental,Ayungon,74602000
Negros Oriental,Bacong,74603000
Negros Oriental,Bais City,74604000
Negros Oriental,Basay,74605000
Negros Oriental,Bindoy (Payabon),74607000
Negros Oriental,Canlaon City,74608000
Negros Oriental,City Of Bayawan (Tulong),74606000
Negros Oriental,City Of Guihulngan,74611000
Negros Oriental,City Of Tanjay,74621000
Negros Oriental,Dauin,74609000
Negros Oriental,Dumaguete City,74610000
Negros Oriental,Jimalalud,74612000
Negros Oriental,La Libertad,74613000
Negros Oriental,Mabinay,74614000
Negros Oriental,Manjuyod,74615000
Negros Oriental,Pamplona,74616000
Negros Oriental,San Jose,74617000
Negros Oriental,Santa Catalina,74618000
Negros Oriental,Siaton,74619000
Negros Oriental,Sibulan,74620000
Negros Oriental,Tayasan,74622000
Negros Oriental,Valencia (Luzurriaga),74623000
Negros Oriental,Vallehermoso,74624000
Negros Oriental,Zamboanguita,74625000
Northern Samar,Allen,84801000
Northern Samar,Biri,84802000
Northern Samar,Bobon,84803000
Northern Samar,Capul,84804000
Northern Samar,Catarman,84805000
Northern Samar,Catubig,84806000
Northern Samar,Gamay,84807000
Northern Samar,Laoang,84808000
Northern Samar,Lapinig,84809000
Northern Samar,Las Navas,84810000
Northern Samar,Lavezares,84811000
Northern Samar,Lope De Vega,84824000
Northern Samar,Mapanas,84812000
Northern Samar,Mondragon,84813000
Northern Samar,Palapag,84814000
Northern Samar,Pambujan,84815000
Northern Samar,Rosario,84816000
Northern Samar,San Antonio,84817000
Northern Samar,San Isidro,84818000
Northern Samar,San Jose,84819000
Northern Samar,San Roque,84820000
Northern Samar,San Vicente,84821000
Northern Samar,Silvino Lobos,84822000
Northern Samar,Victoria,84823000
Nueva Ecija,Aliaga,34901000
Nueva Ecija,Bongabon,34902000
Nueva Ecija,Cabanatuan City,34903000
Nueva Ecija,Cabiao,34904000
Nueva Ecija,Carranglan,34905000
Nueva Ecija,City Of Gapan,34908000
Nueva Ecija,Cuyapo,34906000
Nueva Ecija,Gabaldon (Bitulok & Sabani),34907000
Nueva Ecija,General Mamerto Natividad,34909000
Nueva Ecija,General Tinio (Papaya),34910000
Nueva Ecija,Guimba,34911000
Nueva Ecija,Jaen,34912000
Nueva Ecija,Laur,34913000
Nueva Ecija,Licab,34914000
Nueva Ecija,Llanera,34915000
Nueva Ecija,Lupao,34916000
Nueva Ecija,Nampicuan,34918000
Nueva Ecija,Palayan City,34919000
Nueva Ecija,Pantabangan,34920000
Nueva Ecija,Peñaranda,34921000
Nueva Ecija,Quezon,34922000
Nueva Ecija,Rizal,34923000
Nueva Ecija,San Antonio,34924000
Nueva Ecija,San Isidro,34925000
Nueva Ecija,San Jose City,34926000
Nueva Ecija,San Leonardo,34927000
Nueva Ecija,Santa Rosa,34928000
Nueva Ecija,Santo Domingo,34929000
Nueva Ecija,Science City Of Muñoz,34917000
Nueva Ecija,Talavera,34930000
Nueva Ecija,Talugtug,34931000
Nueva Ecija,Zaragoza,34932000
Nueva Vizcaya,Alfonso Castaneda,25015000
Nueva Vizcaya,Ambaguio,25001000
Nueva Vizcaya,Aritao,25002000
Nueva Vizcaya,Bagabag,25003000
Nueva Vizcaya,Bambang,25004000
Nueva Vizcaya,Bayombong,25005000
Nueva Vizcaya,Diadi,25006000
Nueva Vizcaya,Dupax Del Norte,25007000
Nueva Vizcaya,Dupax Del Sur,25008000
Nueva Vizcaya,Kasibu,25009000
Nueva Vizcaya,Kayapa,25010000
Nueva Vizcaya,Quezon,25011000
Nueva Vizcaya,Santa Fe,25012000
Nueva Vizcaya,Solano,25013000
Nueva Vizcaya,Villaverde,25014000
Occidental Mindoro,Abra De Ilog,175101000
Occidental Mindoro,Calintaan,175102000
Occidental Mindoro,Looc,175103000
Occidental Mindoro,Lubang,175104000
Occidental Mindoro,Magsaysay,175105000
Occidental Mindoro,Mamburao,175106000
Occidental Mindoro,Paluan,175107000
Occidental Mindoro,Rizal,175108000
Occidental Mindoro,Sablayan,175109000
Occidental Mindoro,San Jose,175110000
Occidental Mindoro,Santa Cruz,175111000
Oriental Mindoro,Baco,175201000
Oriental Mindoro,Bansud,175202000
Oriental Mindoro,Bongabong,175203000
Oriental Mindoro,Bulalacao (San Pedro),175204000
Oriental Mindoro,City Of Calapan,175205000
Oriental Mindoro,Gloria,175206000
Oriental Mindoro,Mansalay,175207000
Oriental Mindoro,Naujan,175208000
Oriental Mindoro,Pinamalayan,175209000
Oriental Mindoro,Pola,175210000
Oriental Mindoro,Puerto Galera,175211000
Oriental Mindoro,Roxas,175212000
Oriental Mindoro,San Teodoro,175213000
Oriental Mindoro,Socorro,175214000
Oriental Mindoro,Victoria,175215000
Palawan,Aborlan,175301000
Palawan,Agutaya,175302000
Palawan,Araceli,175303000
Palawan,Balabac,175304000
Palawan,Bataraza,175305000
Palawan,Brooke's Point,175306000
Palawan,Busuanga,175307000
Palawan,Cagayancillo,175308000
Palawan,Coron,175309000
Palawan,Culion,175322000
Palawan,Cuyo,175310000
Palawan,Dumaran,175311000
Palawan,El Nido (Bacuit),175312000
Palawan,Kalayaan,175321000
Palawan,Linapacan,175313000
Palawan,Magsaysay,175314000
Palawan,Narra,175315000
Palawan,Puerto Princesa City,175316000
Palawan,Quezon,175317000
Palawan,Rizal (Marcos),175323000
Palawan,Roxas,175318000
Palawan,San Vicente,175319000
Palawan,Sofronio Española,175324000
Palawan,Taytay,175320000
Pampanga,Angeles City,35401000
Pampanga,Apalit,35402000
Pampanga,Arayat,35403000
Pampanga,Bacolor,35404000
Pampanga,Candaba,35405000
Pampanga,City Of San Fernando,35416000
Pampanga,Floridablanca,35406000
Pampanga,Guagua,35407000
Pampanga,Lubao,35408000
Pampanga,Mabalacat,35409000
Pampanga,Macabebe,35410000
Pampanga,Magalang,35411000
Pampanga,Masantol,35412000
Pampanga,Mexico,35413000
Pampanga,Minalin,35414000
Pampanga,Porac,35415000
Pampanga,San Luis,35417000
Pampanga,San Simon,35418000
Pampanga,Santa Ana,35419000
Pampanga,Santa Rita,35420000
Pampanga,Santo Tomas,35421000
Pampanga,Sasmuan (Sexmoan),35422000
Pangasinan,Agno,15501000
Pangasinan,Aguilar,15502000
Pangasinan,Alcala,15504000
Pangasinan,Anda,15505000
Pangasinan,Asingan,15506000
Pangasinan,Balungao,15507000
Pangasinan,Bani,15508000
Pangasinan,Basista,15509000
Pangasinan,Bautista,15510000
Pangasinan,Bayambang,15511000
Pangasinan,Binalonan,15512000
Pangasinan,Binmaley,15513000
Pangasinan,Bolinao,15514000
Pangasinan,Bugallon,15515000
Pangasinan,Burgos,15516000
Pangasinan,Calasiao,15517000
Pangasinan,City Of Urdaneta,15546000
Pangasinan,City of Alaminos,15503000
Pangasinan,Dagupan City,15518000
Pangasinan,Dasol,15519000
Pangasinan,Infanta,15520000
Pangasinan,Labrador,15521000
Pangasinan,Laoac,15548000
Pangasinan,Lingayen,15522000
Pangasinan,Mabini,15523000
Pangasinan,Malasiqui,15524000
Pangasinan,Manaoag,15525000
Pangasinan,Mangaldan,15526000
Pangasinan,Mangatarem,15527000
Pangasinan,Mapandan,15528000
Pangasinan,Natividad,15529000
Pangasinan,Pozzorubio,15530000
Pangasinan,Rosales,15531000
Pangasinan,San Carlos City,15532000
Pangasinan,San Fabian,15533000
Pangasinan,San Jacinto,15534000
Pangasinan,San Manuel,15535000
Pangasinan,San Nicolas,15536000
Pangasinan,San Quintin,15537000
Pangasinan,Santa Barbara,15538000
Pangasinan,Santa Maria,15539000
Pangasinan,Santo Tomas,15540000
Pangasinan,Sison,15541000
Pangasinan,Sual,15542000
Pangasinan,Tayug,15543000
Pangasinan,Umingan,15544000
Pangasinan,Urbiztondo,15545000
Pangasinan,Villasis,15547000
Quezon,Agdangan,45601000
Quezon,Alabat,45602000
Quezon,Atimonan,45603000
Quezon,Buenavista,45605000
Quezon,Burdeos,45606000
Quezon,Calauag,45607000
Quezon,Candelaria,45608000
Quezon,Catanauan,45610000
Quezon,City Of Tayabas,45647000
Quezon,Dolores,45615000
Quezon,General Luna,45616000
Quezon,General Nakar,45617000
Quezon,Guinayangan,45618000
Quezon,Gumaca,45619000
Quezon,Infanta,45620000
Quezon,Jomalig,45621000
Quezon,Lopez,45622000
Quezon,Lucban,45623000
Quezon,Lucena City,45624000
Quezon,Macalelon,45625000
Quezon,Mauban,45627000
Quezon,Mulanay,45628000
Quezon,Padre Burgos,45629000
Quezon,Pagbilao,45630000
Quezon,Panukulan,45631000
Quezon,Patnanungan,45632000
Quezon,Perez,45633000
Quezon,Pitogo,45634000
Quezon,Plaridel,45635000
Quezon,Polillo,45636000
Quezon,Quezon,45637000
Quezon,Real,45638000
Quezon,Sampaloc,45639000
Quezon,San Andres,45640000
Quezon,San Antonio,45641000
Quezon,San Francisco (Aurora),45642000
Quezon,San Narciso,45644000
Quezon,Sariaya,45645000
Quezon,Tagkawayan,45646000
Quezon,Tiaong,45648000
Quezon,Unisan,45649000
Quirino,Aglipay,25701000
Quirino,Cabarroguis,25702000
Quirino,Diffun,25703000
Quirino,Maddela,25704000
Quirino,Nagtipunan,25706000
Quirino,Saguday,25705000
Rizal,Angono,45801000
Rizal,Baras,45803000
Rizal,Binangonan,45804000
Rizal,Cainta,45805000
Rizal,Cardona,45806000
Rizal,City of Antipolo,45802000
Rizal,Jala-Jala,45807000
Rizal,Morong,45809000
Rizal,Pililla,45810000
Rizal,Rodriguez (Montalban),45808000
Rizal,San Mateo,45811000
Rizal,Tanay,45812000
Rizal,Taytay,45813000
Rizal,Teresa,45814000
Romblon,Alcantara,175901000
Romblon,Banton,175902000
Romblon,Cajidiocan,175903000
Romblon,Calatrava,175904000
Romblon,Concepcion,175905000
Romblon,Corcuera,175906000
Romblon,Ferrol,175916000
Romblon,Looc,175907000
Romblon,Magdiwang,175908000
Romblon,Odiongan,175909000
Romblon,Romblon,175910000
Romblon,San Agustin,175911000
Romblon,San Andres,175912000
Romblon,San Fernando,175913000
Romblon,San Jose,175914000
Romblon,Santa Fe,175915000
Romblon,Santa Maria (Imelda),175917000
Samar,Almagro,86001000
Samar,Basey,86002000
Samar,Calbayog City,86003000
Samar,Calbiga,86004000
Samar,City Of Catbalogan,86005000
Samar,Daram,86006000
Samar,Gandara,86007000
Samar,Hinabangan,86008000
Samar,Jiabong,86009000
Samar,Marabut,86010000
Samar,Matuguinao,86011000
Samar,Motiong,86012000
Samar,Pagsanghan,86026000
Samar,Paranas (Wright),86022000
Samar,Pinabacdao,86013000
Samar,San Jorge,86025000
Samar,San Jose De Buan,86014000
Samar,San Sebastian,86015000
Samar,Santa Margarita,86016000
Samar,Santa Rita,86017000
Samar,Santo Niño,86018000
Samar,Tagapul-An,86024000
Samar,Talalora,86019000
Samar,Tarangnan,86020000
Samar,Villareal,86021000
Samar,Zumarraga,86023000
Sarangani,Alabel,128001000
Sarangani,Glan,128002000
Sarangani,Kiamba,128003000
Sarangani,Maasim,128004000
Sarangani,Maitum,128005000
Sarangani,Malapatan,128006000
Sarangani,Malungon,128007000
Shariff Kabunsuan,Barira,158401000
Shariff Kabunsuan,Buldon,158402000
Shariff Kabunsuan,Datu Blah T. Sinsuat,158403000
Shariff Kabunsuan,Datu Odin Sinsuat (Dinaig),158404000
Shariff Kabunsuan,Kabuntalan (Tumbao),158405000
Shariff Kabunsuan,Matanog,158406000
Shariff Kabunsuan,Northern Kabuntalan,158411000
Shariff Kabunsuan,Parang,158407000
Shariff Kabunsuan,Sultan Kudarat (Nuling),158408000
Shariff Kabunsuan,Sultan Mastura,158409000
Shariff Kabunsuan,Upi,158410000
Siquijor,Enrique Villanueva,76101000
Siquijor,Larena,76102000
Siquijor,Lazi,76103000
Siquijor,Maria,76104000
Siquijor,San Juan,76105000
Siquijor,Siquijor,76106000
Sorsogon,Barcelona,56202000
Sorsogon,Bulan,56203000
Sorsogon,Bulusan,56204000
Sorsogon,Casiguran,56205000
Sorsogon,Castilla,56206000
Sorsogon,City Of Sorsogon,56216000
Sorsogon,Donsol,56207000
Sorsogon,Gubat,56208000
Sorsogon,Irosin,56209000
Sorsogon,Juban,56210000
Sorsogon,Magallanes,56211000
Sorsogon,Matnog,56212000
Sorsogon,Pilar,56213000
Sorsogon,Prieto Diaz,56214000
Sorsogon,Santa Magdalena,56215000
South Cotabato,Banga,126302000
South Cotabato,City Of Koronadal,126306000
South Cotabato,General Santos City (Dadiangas),126303000
South Cotabato,Lake Sebu,126319000
South Cotabato,Norala,126311000
South Cotabato,Polomolok,126312000
South Cotabato,Santo Niño,126318000
South Cotabato,Surallah,126313000
South Cotabato,T'Boli,126316000
South Cotabato,Tampakan,126314000
South Cotabato,Tantangan,126315000
South Cotabato,Tupi,126317000
Southern Leyte,Anahawan,86401000
Southern Leyte,Bontoc,86402000
Southern Leyte,City Of Maasin,86407000
Southern Leyte,Hinunangan,86403000
Southern Leyte,Hinundayan,86404000
Southern Leyte,Libagon,86405000
Southern Leyte,Liloan,86406000
Southern Leyte,Limasawa,86419000
Southern Leyte,Macrohon,86408000
Southern Leyte,Malitbog,86409000
Southern Leyte,Padre Burgos,86410000
Southern Leyte,Pintuyan,86411000
Southern Leyte,Saint Bernard,86412000
Southern Leyte,San Francisco,86413000
Southern Leyte,San Juan (Cabalian),86414000
Southern Leyte,San Ricardo,86415000
Southern Leyte,Silago,86416000
Southern Leyte,Sogod,86417000
Southern Leyte,Tomas Oppus,86418000
Sultan Kudarat,Bagumbayan,126501000
Sultan Kudarat,City Of Tacurong,126511000
Sultan Kudarat,Columbio,126502000
Sultan Kudarat,Esperanza,126503000
Sultan Kudarat,Isulan,126504000
Sultan Kudarat,Kalamansig,126505000
Sultan Kudarat,Lambayong (Mariano Marcos),126508000
Sultan Kudarat,Lebak,126506000
Sultan Kudarat,Lutayan,126507000
Sultan Kudarat,Palimbang,126509000
Sultan Kudarat,President Quirino,126510000
Sultan Kudarat,Sen. Ninoy Aquino,126512000
Sulu,Hadji Panglima Tahil (Marunggas),156606000
Sulu,Indanan,156601000
Sulu,Jolo,156602000
Sulu,Kalingalan Caluang,156603000
Sulu,Lugus,156617000
Sulu,Luuk,156604000
Sulu,Maimbung,156605000
Sulu,Old Panamao,156607000
Sulu,Omar,156619000
Sulu,Pandami,156618000
Sulu,Panglima Estino (New Panamao),156616000
Sulu,Pangutaran,156608000
Sulu,Parang,156609000
Sulu,Pata,156610000
Sulu,Patikul,156611000
Sulu,Siasi,156612000
Sulu,Talipao,156613000
Sulu,Tapul,156614000
Sulu,Tongkil,156615000
Surigao del Norte,Alegria,166701000
Surigao del Norte,Bacuag,166702000
Surigao del Norte,Burgos,166704000
Surigao del Norte,Claver,166706000
Surigao del Norte,Dapa,166707000
Surigao del Norte,Del Carmen,166708000
Surigao del Norte,General Luna,166710000
Surigao del Norte,Gigaquit,166711000
Surigao del Norte,Mainit,166714000
Surigao del Norte,Malimono,166715000
Surigao del Norte,Pilar,166716000
Surigao del Norte,Placer,166717000
Surigao del Norte,San Benito,166718000
Surigao del Norte,San Francisco (Anao-Aon),166719000
Surigao del Norte,San Isidro,166720000
Surigao del Norte,Santa Monica (Sapao),166721000
Surigao del Norte,Sison,166722000
Surigao del Norte,Socorro,166723000
Surigao del Norte,Surigao City,166724000
Surigao del Norte,Tagana-An,166725000
Surigao del Norte,Tubod,166727000
Surigao del Sur,Barobo,166801000
Surigao del Sur,Bayabas,166802000
Surigao del Sur,Cagwait,166804000
Surigao del Sur,Cantilan,166805000
Surigao del Sur,Carmen,166806000
Surigao del Sur,Carrascal,166807000
Surigao del Sur,City Of Bislig,166803000
Surigao del Sur,City Of Tandag,166819000
Surigao del Sur,Cortes,166808000
Surigao del Sur,Hinatuan,166809000
Surigao del Sur,Lanuza,166810000
Surigao del Sur,Lianga,166811000
Surigao del Sur,Lingig,166812000
Surigao del Sur,Madrid,166813000
Surigao del Sur,Marihatag,166814000
Surigao del Sur,San Agustin,166815000
Surigao del Sur,San Miguel,166816000
Surigao del Sur,Tagbina,166817000
Surigao del Sur,Tago,166818000
Tarlac,Anao,36901000
Tarlac,Bamban,36902000
Tarlac,Camiling,36903000
Tarlac,Capas,36904000
Tarlac,City Of Tarlac,36916000
Tarlac,Concepcion,36905000
Tarlac,Gerona,36906000
Tarlac,La Paz,36907000
Tarlac,Mayantoc,36908000
Tarlac,Moncada,36909000
Tarlac,Paniqui,36910000
Tarlac,Pura,36911000
Tarlac,Ramos,36912000
Tarlac,San Clemente,36913000
Tarlac,San Jose,36918000
Tarlac,San Manuel,36914000
Tarlac,Santa Ignacia,36915000
Tarlac,Victoria,36917000
Tawi-Tawi,Bongao,157002000
Tawi-Tawi,Languyan,157009000
Tawi-Tawi,Mapun (Cagayan De Tawi-Tawi),157003000
Tawi-Tawi,Panglima Sugala (Balimbing),157001000
Tawi-Tawi,Sapa-Sapa,157010000
Tawi-Tawi,Sibutu,157011000
Tawi-Tawi,Simunul,157004000
Tawi-Tawi,Sitangkai,157005000
Tawi-Tawi,South Ubian,157006000
Tawi-Tawi,Tandubas,157007000
Tawi-Tawi,Turtle Islands,157008000
Zambales,Botolan,37101000
Zambales,Cabangan,37102000
Zambales,Candelaria,37103000
Zambales,Castillejos,37104000
Zambales,Iba,37105000
Zambales,Masinloc,37106000
Zambales,Olongapo City,37107000
Zambales,Palauig,37108000
Zambales,San Antonio,37109000
Zambales,San Felipe,37110000
Zambales,San Marcelino,37111000
Zambales,San Narciso,37112000
Zambales,Santa Cruz,37113000
Zambales,Subic,37114000
Zamboanga Sibugay,Alicia,98301000
Zamboanga Sibugay,Buug,98302000
Zamboanga Sibugay,Diplahan,98303000
Zamboanga Sibugay,Imelda,98304000
Zamboanga Sibugay,Ipil,98305000
Zamboanga Sibugay,Kabasalan,98306000
Zamboanga Sibugay,Mabuhay,98307000
Zamboanga Sibugay,Malangas,98308000
Zamboanga Sibugay,Naga,98309000
Zamboanga Sibugay,Olutanga,98310000
Zamboanga Sibugay,Payao,98311000
Zamboanga Sibugay,Roseller Lim,98312000
Zamboanga Sibugay,Siay,98313000
Zamboanga Sibugay,Talusan,98314000
Zamboanga Sibugay,Titay,98315000
Zamboanga Sibugay,Tungawan,98316000
Zamboanga del Norte,Bacungan,97226000
Zamboanga del Norte,Baliguian,97224000
Zamboanga del Norte,Dapitan City,97201000
Zamboanga del Norte,Dipolog City,97202000
Zamboanga del Norte,Godod,97225000
Zamboanga del Norte,Gutalac,97223000
Zamboanga del Norte,Jose Dalman (Ponot),97222000
Zamboanga del Norte,Kalawit,97227000
Zamboanga del Norte,Katipunan,97203000
Zamboanga del Norte,La Libertad,97204000
Zamboanga del Norte,Labason,97205000
Zamboanga del Norte,Liloy,97206000
Zamboanga del Norte,Manukan,97207000
Zamboanga del Norte,Mutia,97208000
Zamboanga del Norte,Piñan (New Piñan),97209000
Zamboanga del Norte,Polanco,97210000
Zamboanga del Norte,Pres. Manuel A. Roxas,97211000
Zamboanga del Norte,Rizal,97212000
Zamboanga del Norte,Salug,97213000
Zamboanga del Norte,Sergio Osmeña Sr.,97214000
Zamboanga del Norte,Siayan,97215000
Zamboanga del Norte,Sibuco,97216000
Zamboanga del Norte,Sibutad,97217000
Zamboanga del Norte,Sindangan,97218000
Zamboanga del Norte,Siocon,97219000
Zamboanga del Norte,Sirawai,97220000
Zamboanga del Norte,Tampilisan,97221000
Zamboanga del Sur,Aurora,97302000
Zamboanga del Sur,Bayog,97303000
Zamboanga del Sur,Dimataling,97305000
Zamboanga del Sur,Dinas,97306000
Zamboanga del Sur,Dumalinao,97307000
Zamboanga del Sur,Dumingag,97308000
Zamboanga del Sur,Guipos,97343000
Zamboanga del Sur,Josefina,97337000
Zamboanga del Sur,Kumalarang,97311000
Zamboanga del Sur,Labangan,97312000
Zamboanga del Sur,Lakewood,97333000
Zamboanga del Sur,Lapuyan,97313000
Zamboanga del Sur,Mahayag,97315000
Zamboanga del Sur,Margosatubig,97317000
Zamboanga del Sur,Midsalip,97318000
Zamboanga del Sur,Molave,97319000
Zamboanga del Sur,Pagadian City,97322000
Zamboanga del Sur,Pitogo,97338000
Zamboanga del Sur,Ramon Magsaysay (Liargo),97323000
Zamboanga del Sur,San Miguel,97324000
Zamboanga del Sur,San Pablo,97325000
Zamboanga del Sur,Sominot (Don Mariano Marcos),97340000
Zamboanga del Sur,Tabina,97327000
Zamboanga del Sur,Tambulig,97328000
Zamboanga del Sur,Tigbao,97344000
Zamboanga del Sur,Tukuran,97330000
Zamboanga del Sur,Vincenzo A. Sagun,97341000
Zamboanga del Sur,Zamboanga City,97332000
